"dataset","gene_name","gene_id","gene_lfc","dom_lfc","minor_lfc","dom_IF1","dom_IF2","gene_expression"
"H_HT","MBD3","XLOC_026849",-0.715343487506565,-0.0145046160471839,-1.35032595206043,0.3709,0.597,365.661407555761
"H_HT","ECI1","XLOC_020369",-0.506575244421332,-0.0931765084640366,-1.17468601453496,0.612566666666667,0.768066666666667,33.6657026413974
"H_HT","SLC10A3","XLOC_056929",-0.50379219776435,-0.0873384829329511,-0.878204455886104,0.4481,0.587,22.1634075149651
"H_HT","ANKRD54","XLOC_035435",-0.503058434403749,-0.0802428755485101,-0.862407679356546,0.461833333333333,0.6412,12.5145513841778
"H_HT","DIP2A","XLOC_033929",-0.48141857558441,-0.0975459103050993,-0.639513773818068,0.3029,0.403,15.9512063417586
"H_HT","CD14","XLOC_043780",-0.462446664315988,-0.0366983781228983,-0.935237423354278,0.467466666666667,0.575033333333333,597.022563411425
"H_HT","CUL9","XLOC_044779",-0.461639637251865,-0.0458463019563056,-0.666226887228275,0.329766666666667,0.445133333333333,16.9496758778862
"H_HT","EXOSC1","XLOC_007201",-0.459409173152467,-0.0623131098562596,-1.01174935246127,0.539966666666667,0.7283,25.2898616969918
"H_HT","SFXN3","XLOC_006100",-0.446466310024711,-0.0867819450997453,-0.629381454816986,0.303433333333333,0.388433333333333,121.692190191037
"H_HT","RPL36","XLOC_025591",-0.439198710048834,-0.0943053500378578,-2.1817196971608,0.733366666666667,0.920966666666667,589.308065060075
"H_HT","SH3D21","XLOC_000576",-0.425574597259398,-0.0476556623232665,-0.54074330510262,0.3126,0.331233333333333,19.2572803347787
"H_HT","BRCC3","XLOC_055812",-0.405211712572372,-0.0865414538873284,-0.630509074347277,0.4024,0.5073,31.7315808484257
"H_HT","SLC9A6","XLOC_055627",-0.398852192766425,0.245323612671205,-0.9162478096196,0.353733333333333,0.5803,22.8418306548822
"H_HT","MTIF3","XLOC_014314",-0.396350253977267,-0.0378216661201041,-0.74461406835802,0.452433333333333,0.577966666666667,45.4528274576118
"H_HT","B4GALT4","XLOC_037941",-0.391183075506708,-0.0160198606044743,-0.639972420078425,0.378533333333333,0.508966666666667,21.0713450065939
"H_HT","SMUG1","XLOC_012724",-0.382190248484179,0.121191527702735,-0.72609675208213,0.348266666666667,0.503766666666667,36.9232332633221
"H_HT","MPI","XLOC_017716",-0.381303509546156,-0.088248288083396,-0.520155081717551,0.333266666666667,0.407366666666667,20.890598410977
"H_HT","PKMYT1","XLOC_020401",-0.374100192097489,-0.0550112201352897,-0.71451503614951,0.5099,0.634333333333333,21.7535113495501
"H_HT","FTSJ1","XLOC_054945",-0.367209869449599,-0.0742845642604185,-0.535171707468578,0.369466666666667,0.470766666666667,21.1763988274982
"H_HT","KAT8","XLOC_019596",-0.366197180825522,-0.0954620153070683,-0.632786287777986,0.473333333333333,0.572933333333333,48.9475147755661
"H_HT","ZADH2","XLOC_025391",-0.365248331504005,0.0758110349854336,-0.672711333065481,0.368966666666667,0.530466666666667,14.6602660837544
"H_HT","AMZ2","XLOC_022573",-0.36310092905788,-0.0805879163321995,-0.552574716555789,0.367966666666667,0.451,124.712085134962
"H_HT","MED4","XLOC_014492",-0.354934078407427,0.0745504880248789,-0.631264384981627,0.3433,0.465633333333333,58.596799243474
"H_HT","CTDSPL","XLOC_035864",-0.35107173769507,-0.0852792415526596,-0.4427618586965,0.305166666666667,0.369666666666667,12.3959437285799
"H_HT","TMEM218","XLOC_010570",-0.350314193101888,-0.0498387577388097,-0.521730798750533,0.360466666666667,0.4375,30.5880715516873
"H_HT","ATG4A","XLOC_055402",-0.347630524179107,0.0476530797475468,-0.688619446066763,0.4331,0.581933333333333,24.7899753821642
"H_HT","GTF2H2C","XLOC_041748",-0.34696157996358,0.0822204147426878,-0.739024791269423,0.442866666666667,0.599833333333333,20.4529135643762
"H_HT","SLC44A2","XLOC_025702",-0.333129021493161,-0.0588695772030013,-0.653982055868631,0.511633333333333,0.601933333333333,150.781200728233
"H_HT","RAD17","XLOC_041744",-0.331486793302712,-0.0728401803738533,-0.510929433436253,0.439033333333333,0.533333333333333,15.4154326765245
"H_HT","P4HTM","XLOC_036011",-0.327199512180741,0.0813635885804376,-0.634116508502993,0.3744,0.507966666666667,57.2833188879675
"H_HT","CDK7","XLOC_041741",-0.323521478228014,-0.0488917915081833,-0.517562174764806,0.393433333333333,0.474533333333333,55.9363450535448
"H_HT","NMRAL1","XLOC_020442",-0.322733765596687,-0.0899558007245985,-0.545971047984732,0.513233333333333,0.6091,17.869963005424
"H_HT","TDRD3","XLOC_013890",-0.321287987749172,-0.0980486252790138,-0.440406048039559,0.3638,0.391566666666667,112.490042076892
"H_HT","POLD3","XLOC_008523",-0.318807896723275,0.136265853673126,-0.596020117603607,0.3321,0.486866666666667,13.9718521445949
"H_HT","SLC49A4","XLOC_036507",-0.316700363362439,0.1425189749259,-0.9323228933188,0.5003,0.700733333333333,25.3732969428982
"H_HT","LEMD2","XLOC_046128",-0.305596491051756,-0.0988407370010984,-0.40791720724437,0.338233333333333,0.391,38.0219709329981
"H_HT","NPRL3","XLOC_020288",-0.303420960245695,-0.0200388272377212,-0.654209997172723,0.5779,0.718033333333333,12.6050421596557
"H_HT","RAE1","XLOC_032701",-0.300570859399149,0.197537231329541,-0.75034582170131,0.410033333333333,0.582066666666667,36.0305662683231
"T_HT","SYS1","XLOC_032569",-0.742061799820797,-0.0392739523880626,-1.33910771773555,0.3676,0.6123,39.4978391841234
"T_HT","TMEM254","XLOC_005913",-0.562332204138144,-0.0653936819904105,-0.791749670555936,0.306266666666667,0.434966666666667,15.4567720573305
"T_HT","METTL14","XLOC_039535",-0.548970269402991,0.0126609576464492,-0.849739316701264,0.313233333333333,0.485533333333333,16.2032105588753
"T_HT","NRF1","XLOC_048199",-0.466525294442405,0.0302994746662509,-0.791837894695651,0.4568,0.524433333333333,19.9372676237227
"T_HT","LINC00869","XLOC_001484",-0.384881115966735,-0.0825612044158392,-0.72401209689175,0.357333333333333,0.4704,40.0403736847582
"T_HT","DEDD2","XLOC_027617",-0.379088618462479,-0.0604867011530986,-0.588251215742977,0.357366666666667,0.446366666666667,229.611263490209
"T_HT","VPS35","XLOC_020925",-0.376247485616434,-0.0922134742645612,-0.522003073191782,0.318833333333333,0.3897,78.0857666831178
"T_HT","USP5","XLOC_010744",-0.369721005904484,-0.0656122418041354,-0.564996804064868,0.404666666666667,0.473866666666667,29.5124756919834
"T_HT","NUP210","XLOC_037242",-0.35769170926018,-0.0684438867251761,-0.510539692167234,0.3142,0.3879,156.290430425033
"T_HT","TTC39C","XLOC_024438",-0.351021685251936,-0.0892886436458957,-0.504957769083123,0.419933333333333,0.508933333333333,12.8533474081908
"T_HT","C1orf50","XLOC_000666",-0.337178233852625,-0.0891042893156873,-0.470100777376457,0.333066666666667,0.397033333333333,71.1811887965306
"T_HT","HLA-DMB","XLOC_046101",-0.336604886486514,0.0211390339987298,-0.739634682919409,0.512266666666667,0.675966666666667,15.875849035473
"T_HT","SETX","XLOC_054487",-0.328713693836173,-0.0443630225876756,-0.4819450950548,0.337366666666667,0.4179,32.2083882094315
"T_HT","MRPL37","XLOC_000833",-0.324120812435335,-0.0532968505430059,-0.502126252833189,0.367233333333333,0.440333333333333,230.570393334349
"T_HT","MEGF8","XLOC_026311",-0.321119974737405,-0.0391924111220787,-0.556745564941057,0.459066666666667,0.569266666666667,18.5758622921763
"T_HT","RNH1","XLOC_009103",-0.309050326399636,-0.0333243388013235,-0.465917960339915,0.334266666666667,0.4044,161.126333129622
"T_HT","MDK","XLOC_007994",-0.308950367613952,0.00728122962894099,-0.809950423204434,0.581066666666667,0.737766666666667,27.2330108024628
"T_HT","NPAT","XLOC_010349",-0.308950183143361,-0.0258182999543821,-0.547816922522031,0.4793,0.603366666666667,12.2095627028364
"T_HT","SUSD1","XLOC_054282",-0.301153998259909,-0.021265208841991,-0.469877397304138,0.3813,0.470433333333333,17.7957035631444
"T_HT","UBE4A","XLOC_008885",-0.300401171366936,0.00569990186595305,-0.504032023571908,0.371333333333333,0.466133333333333,40.7445788018829
"T_UT","HACD4","XLOC_053931",-0.571465706170665,-0.0539721756176089,-0.913575522557123,0.3409,0.495533333333333,50.0303733376343
"T_UT","KLHL7","XLOC_047594",-0.505795666817703,-0.0591908333715625,-0.721325542137592,0.3164,0.444766666666667,16.436574478702
"T_UT","B3GALNT1","XLOC_038576",-0.500252399053679,-0.0705608185779084,-0.717656357860751,0.344433333333333,0.472833333333333,14.2595841911143
"T_UT","ORC5","XLOC_049802",-0.466922285096514,-0.0753624974567776,-0.700236215514072,0.349933333333333,0.453733333333333,40.8049597245013
"T_UT","KAT14","XLOC_032465",-0.466020307178873,-0.0780614860408739,-0.629094454567845,0.316233333333333,0.4282,12.5654139237919
"T_UT","MOSPD1","XLOC_057081",-0.412877245533837,-0.0463604426549784,-0.566720812927695,0.3028,0.4015,14.7128694333367
"T_UT","FBXO25","XLOC_050243",-0.406503672364476,-0.00404411779864212,-0.630555333558602,0.330133333333333,0.437366666666667,33.3766224839624
"T_UT","PENK","XLOC_051989",-0.392816354533295,0.206162594530496,-1.10845597940663,0.482966666666667,0.764266666666667,12.5276615826103
"T_UT","BCL7B","XLOC_049531",-0.378513224604247,0.11166982716002,-0.839533278641518,0.407066666666667,0.5751,129.849966980429
"T_UT","MBD6","XLOC_011415",-0.350139273327744,-0.0700299972471723,-0.552183191711157,0.403166666666667,0.4892,44.8870560506648
"T_UT","ZNF91","XLOC_027510",-0.348564050374771,-0.093232878874032,-0.453477419209175,0.312766666666667,0.372833333333333,21.7990956036893
"T_UT","CRNKL1","XLOC_033197",-0.348451108554827,-0.0580839872686156,-0.473550804500097,0.308166666666667,0.384433333333333,21.4498564662378
"T_UT","ZNF221","XLOC_026496",-0.344489458044916,-0.0695219865388056,-0.465837099100704,0.326766666666667,0.403433333333333,17.5110192551655
"T_UT","NRF1","XLOC_048506",-0.342478646138066,0.0998488980385329,-0.628115587407209,0.440333333333333,0.493633333333333,27.3782906751828
"T_UT","EPM2A","XLOC_047203",-0.337889226292307,-0.0364007780691544,-0.503353392980266,0.373766666666667,0.4664,14.5257002619432
"T_UT","ANO10","XLOC_037669",-0.327978727837739,-0.0514080659504215,-0.655352465195142,0.566866666666667,0.702333333333333,14.2438258556265
"T_UT","P2RY2","XLOC_008553",-0.314896660123579,0.0798714676869447,-0.535976498322713,0.3221,0.4407,24.5122098978633
"T_UT","TBC1D15","XLOC_011544",-0.306002925473974,-0.0791055475268657,-0.413447316625457,0.313966666666667,0.369233333333333,65.6931258335385
"T_UT","DEDD2","XLOC_027784",-0.302490170424329,0.0141651378282381,-0.508801859167397,0.354166666666667,0.4416,309.056581689268
"U_UT","CILK1","XLOC_046631",-1.62141410205241,0.0609786345121542,-3.02834009913835,0.5537,0.9143,15.6755371394528
"U_UT","CA11","XLOC_027940",-0.432120972624483,-0.0664057784267507,-0.716398710641161,0.451433333333333,0.5498,24.0636959062255
"U_UT","LRP1","XLOC_011405",-0.427355249388499,-0.0835044512999236,-0.803415223679711,0.4677,0.626566666666667,36.6969118185417
"U_UT","ARHGEF19","XLOC_002959",-0.401228286019449,-0.0580249410015456,-0.574651051692061,0.342433333333333,0.436333333333333,17.4721511523184
"U_UT","GOLGA8N","XLOC_017371",-0.370730174714772,-0.0990902562645033,-0.793554399403757,0.586566666666667,0.707933333333333,52.3356927399487
"U_UT","SORD","XLOC_017533",-0.369371713198623,-0.0548088122968106,-0.514312509658667,0.302666666666667,0.3784,35.9588319638497
"U_UT","ZNF689","XLOC_020928",-0.368795756833699,0.0075885542416891,-1.01352278631156,0.664166666666667,0.830366666666667,19.7313820111558
"U_UT","CNRIP1","XLOC_030866",-0.364827907645008,-0.0880785261941708,-0.47519351781587,0.324666666666667,0.4032,12.6921555663137
"U_UT","CTDSPL","XLOC_036076",-0.349613610822086,-0.0207601430079817,-0.517043623165791,0.3383,0.440666666666667,16.2390389096521
"U_UT","BTK","XLOC_056835",-0.341889338203886,-0.0889155913623618,-0.460068398448322,0.304133333333333,0.360766666666667,88.505819540053
"U_UT","WDSUB1","XLOC_031650",-0.341650691776038,-0.0423048547511286,-0.562876724679847,0.4458,0.5676,12.9974874006014
"U_UT","SMAD5","XLOC_042511",-0.339148613994259,0.181131436062525,-0.780996461580853,0.3956,0.568133333333333,32.3299252482385
"U_UT","GMPPA","XLOC_030071",-0.332626293789586,0.0386059824896437,-0.522091242761485,0.303766666666667,0.395733333333333,57.6082852005462
"U_UT","SUOX","XLOC_011380",-0.326462086606054,-0.00849465512333474,-0.494140556643426,0.3348,0.423633333333333,22.572714786306
"U_UT","HAUS5","XLOC_026314",-0.323441441353347,0.0597720893814251,-0.632882181609883,0.425666666666667,0.5909,14.9678285975712
"U_UT","NUDT5","XLOC_006544",-0.321358663917467,0.108003979595923,-0.591309473932298,0.335233333333333,0.4591,52.522906148157
"U_UT","TTC9C","XLOC_008309",-0.320601640173688,-0.0857890945836576,-0.438308962844171,0.332966666666667,0.393933333333333,40.5893662847974
"U_UT","SKP2","XLOC_041808",-0.315355721456668,-0.046054105934274,-0.434820988166593,0.3141,0.3831,21.650771823182
"U_UT","AMT","XLOC_037767",-0.315067071345721,-0.0574386504236404,-0.42747733400714,0.3178,0.380766666666667,21.9650565249707
"U_UT","COG5","XLOC_049820",-0.313485945329629,0.0167768705731633,-0.600805757179357,0.448866666666667,0.5678,22.4932456315647
"U_UT","SNAP91","XLOC_046794",-0.313189720094692,0.0136836776407313,-0.569304554266097,0.418066666666667,0.527133333333333,28.8494829837406
