"gene_name","switching","max_abs_dif","max_abs_dif_any","gene_expression","novel_involved","dataset","reference","isg_class"
"ACOD1",FALSE,,0.115866666666667,99.1059919703236,FALSE,"T_HT","HT","Type II"
"ACTG1",FALSE,,0.0105333333333333,5274.79764851301,FALSE,"T_HT","HT","Type II"
"ACTR2",FALSE,,0.0620666666666667,553.863812409813,FALSE,"T_HT","HT","Type II"
"ACTR3",FALSE,,0.0419666666666666,814.423371448622,FALSE,"T_HT","HT","Type II"
"ADAMTS13",FALSE,,0.0628333333333334,3.494877318339,FALSE,"T_HT","HT","Type II"
"ADAR",FALSE,,0.0423,371.525349193992,FALSE,"T_HT","HT","Type I"
"AIF1",FALSE,,0.0561333333333334,268.1189981058,FALSE,"T_HT","HT","Type II"
"ASS1",FALSE,,0.0323,270.844587532284,FALSE,"T_HT","HT","Type II"
"AZI2",FALSE,,0.0782333333333333,53.3015167445516,FALSE,"T_HT","HT","Type I"
"BST2",FALSE,,0.00613333333333344,340.602376857626,FALSE,"T_HT","HT","Type II"
"CACTIN",FALSE,,0.0291333333333333,22.2877201514803,FALSE,"T_HT","HT","Type I"
"CALCOCO2",FALSE,,0.0506333333333333,71.7785796965259,FALSE,"T_HT","HT","Type II"
"CALM1",FALSE,,0.0370333333333333,224.455922756751,FALSE,"T_HT","HT","Type II"
"CASP1",FALSE,,0.1,89.2920275038474,FALSE,"T_HT","HT","Type II"
"CCL14",FALSE,,0.2269,2.93281435667262,FALSE,"T_HT","HT","Type II"
"CCL19",FALSE,,0.0160333333333333,51.0958584773564,FALSE,"T_HT","HT","Type II"
"CCL2",FALSE,,0.00940000000000007,191.750780536474,FALSE,"T_HT","HT","Type II"
"CCL20",FALSE,,0.0186666666666667,1846.1694701111,FALSE,"T_HT","HT","Type II"
"CCL21",FALSE,,0.00880000000000003,27.834674980822,FALSE,"T_HT","HT","Type II"
"CCL22",FALSE,,0.107833333333333,143.448171114849,FALSE,"T_HT","HT","Type II"
"CCL23",FALSE,,0.0296333333333334,32.7158717987381,FALSE,"T_HT","HT","Type II"
"CCL24",FALSE,,0.0867666666666665,10.5753560113103,FALSE,"T_HT","HT","Type II"
"CCL3",TRUE,0.234666666666667,0.234666666666667,5413.64924643446,TRUE,"T_HT","HT","Type II"
"CCL4",TRUE,0.188466666666667,0.188466666666667,10684.147663363,TRUE,"T_HT","HT","Type II"
"CD47",FALSE,,0.0266333333333333,165.428160966418,FALSE,"T_HT","HT","Type II"
"CD74",FALSE,,0.0591,444.329099671492,FALSE,"T_HT","HT","Type II"
"CDC37",FALSE,,0.0436666666666666,357.408353671851,FALSE,"T_HT","HT","Type I + II"
"CDC42EP4",FALSE,,0.00786666666666669,40.9045199955846,FALSE,"T_HT","HT","Type II"
"CIITA",FALSE,,0.118033333333333,3.10878768512821,FALSE,"T_HT","HT","Type II"
"CITED1",FALSE,,0.0750333333333333,20.1457383268081,FALSE,"T_HT","HT","Type II"
"CLDN1",FALSE,,0.0128666666666667,11.6622092591612,FALSE,"T_HT","HT","Type II"
"CNOT7",FALSE,,0.0264,117.737550339668,FALSE,"T_HT","HT","Type I"
"CXCL16",FALSE,,0.1338,28.586292446867,FALSE,"T_HT","HT","Type II"
"CYP27B1",FALSE,,0.0567333333333333,75.6856689059046,FALSE,"T_HT","HT","Type II"
"DAPK1",FALSE,,0.0933333333333333,35.1712930378024,FALSE,"T_HT","HT","Type II"
"DAPK3",FALSE,,0.0136666666666667,53.9855311151986,FALSE,"T_HT","HT","Type II"
"DCST1",FALSE,,0.0323333333333333,183.035423354776,FALSE,"T_HT","HT","Type I"
"EDN1",FALSE,,0.241733333333333,5.57425538192303,FALSE,"T_HT","HT","Type II"
"EIF4E2",FALSE,,0.0348333333333333,108.823499893911,FALSE,"T_HT","HT","Type I"
"EPRS1",FALSE,,0.0353,227.807029604754,FALSE,"T_HT","HT","Type II"
"FLNB",FALSE,,0.0815333333333333,58.3693882747623,FALSE,"T_HT","HT","Type II"
"GAPDH",FALSE,,0.0372666666666667,2182.71942220327,FALSE,"T_HT","HT","Type II"
"GBP1",TRUE,0.239266666666667,0.239266666666667,99.948790389714,TRUE,"T_HT","HT","Type II"
"GBP4",FALSE,,0.1003,94.0082864527875,FALSE,"T_HT","HT","Type II"
"GBP5",FALSE,,0.129866666666667,94.9480130292323,FALSE,"T_HT","HT","Type II"
"GCH1",FALSE,,0.0301,66.3678686120288,FALSE,"T_HT","HT","Type II"
"GIGYF2",FALSE,,0.0848666666666667,48.141245149545,FALSE,"T_HT","HT","Type I"
"GSN",FALSE,,0.0326666666666667,496.068538795714,FALSE,"T_HT","HT","Type II"
"HCK",FALSE,,0.0366333333333334,139.740766706927,FALSE,"T_HT","HT","Type II"
"HDAC4",FALSE,,0.118333333333333,3.43550200662359,FALSE,"T_HT","HT","Type I"
"IFIH1",FALSE,,0.0679666666666667,179.835538668582,FALSE,"T_HT","HT","Type I"
"IFIT1",TRUE,0.2691,0.2691,203.286040350745,TRUE,"T_HT","HT","Type I"
"IFITM2",TRUE,0.289,0.289,289.00121263262,TRUE,"T_HT","HT","Type I + II"
"IFITM3",FALSE,,0.0211666666666667,550.709025698269,FALSE,"T_HT","HT","Type I + II"
"IFNAR1",FALSE,,0.0458666666666667,115.499273225478,FALSE,"T_HT","HT","Type I"
"IFNAR2",FALSE,,0.0902333333333333,418.567543411063,FALSE,"T_HT","HT","Type I"
"IFNGR1",FALSE,,0.0683666666666667,375.207078366787,FALSE,"T_HT","HT","Type II"
"IFNGR2",FALSE,,0.0348333333333334,799.730374309824,FALSE,"T_HT","HT","Type II"
"IKBKE",FALSE,,0.055,140.509912152548,FALSE,"T_HT","HT","Type I"
"IL12RB1",FALSE,,0.0817,19.5402196016855,FALSE,"T_HT","HT","Type II"
"IRAK1",FALSE,,0.0161666666666667,386.388407599783,FALSE,"T_HT","HT","Type I"
"IRF1",FALSE,,0.0510333333333333,250.691467102555,FALSE,"T_HT","HT","Type II"
"IRF3",FALSE,,0.0663333333333333,70.7862328621121,FALSE,"T_HT","HT","Type I"
"IRF7",FALSE,,0.0933666666666667,79.0675526641859,FALSE,"T_HT","HT","Type I"
"IRF8",FALSE,,0.0328666666666667,135.305391259905,FALSE,"T_HT","HT","Type II"
"ISG15",FALSE,,9.9999999999989e-05,833.719234796651,FALSE,"T_HT","HT","Type I"
"JAK1",FALSE,,0.0475,98.6248434279815,FALSE,"T_HT","HT","Type I + II"
"JAK2",FALSE,,0.0506333333333333,63.8984640433203,FALSE,"T_HT","HT","Type II"
"KIF5B",FALSE,,0.0428333333333333,64.7513614367854,FALSE,"T_HT","HT","Type II"
"KYNU",FALSE,,0.0231666666666667,674.758194576117,FALSE,"T_HT","HT","Type II"
"LSM14A",FALSE,,0.0555666666666667,115.144387955494,FALSE,"T_HT","HT","Type I"
"MAVS",FALSE,,0.0294333333333333,9.5368073849416,FALSE,"T_HT","HT","Type I"
"MED1",FALSE,,0.0527333333333334,30.3085844030139,FALSE,"T_HT","HT","Type II"
"MEFV",FALSE,,0.0476333333333334,20.7920127673529,FALSE,"T_HT","HT","Type II"
"METTL3",FALSE,,0.1098,28.9757774875943,FALSE,"T_HT","HT","Type I"
"MUL1",FALSE,,0.00729999999999997,33.818346623296,FALSE,"T_HT","HT","Type I"
"MX1",FALSE,,0.0641666666666666,393.395585877877,FALSE,"T_HT","HT","Type I"
"MYD88",FALSE,,0.0361333333333333,114.330822156691,FALSE,"T_HT","HT","Type I"
"MYO1C",FALSE,,0.0558000000000001,15.5335210349681,FALSE,"T_HT","HT","Type II"
"NLRC5",FALSE,,0.0553333333333333,39.8277352705853,FALSE,"T_HT","HT","Type I + II"
"NOS2",FALSE,,0.0312333333333334,11.1982418659879,FALSE,"T_HT","HT","Type II"
"NR1H2",FALSE,,0.0503333333333333,43.5402743580247,FALSE,"T_HT","HT","Type II"
"NR1H3",FALSE,,0.0580666666666667,71.5177958067356,FALSE,"T_HT","HT","Type II"
"NUB1",FALSE,,0.0441666666666667,175.949933972759,FALSE,"T_HT","HT","Type II"
"OAS1",FALSE,,0.0737666666666666,197.242323289073,FALSE,"T_HT","HT","Type I"
"OAS2",FALSE,,0.0691666666666667,172.225024178887,FALSE,"T_HT","HT","Type I"
"OAS3",FALSE,,0.0866333333333333,217.292657369792,FALSE,"T_HT","HT","Type I"
"PARP14",FALSE,,0.0838666666666667,209.310145276258,FALSE,"T_HT","HT","Type II"
"PARP9",FALSE,,0.0787,124.492090562253,FALSE,"T_HT","HT","Type II"
"PDE12",FALSE,,0.0416,34.2705959017475,FALSE,"T_HT","HT","Type II"
"PPARG",FALSE,,0.1042,29.4435378848573,FALSE,"T_HT","HT","Type II"
"PTPN1",FALSE,,0.0194666666666667,125.415930438388,FALSE,"T_HT","HT","Type I"
"PTPN11",FALSE,,0.0904333333333333,78.141722656939,FALSE,"T_HT","HT","Type I"
"PTPN2",FALSE,,0.0511,78.4235020730875,FALSE,"T_HT","HT","Type I + II"
"PTPN6",FALSE,,0.0201666666666667,105.214934502953,FALSE,"T_HT","HT","Type I"
"RAB20",FALSE,,0.123566666666667,15.983893450516,FALSE,"T_HT","HT","Type II"
"RAB43",FALSE,,0.06,60.2982376772438,FALSE,"T_HT","HT","Type II"
"RAB7B",TRUE,0.154033333333333,0.154033333333333,624.66602370826,TRUE,"T_HT","HT","Type II"
"RAF1",FALSE,,0.0897,116.105964030314,FALSE,"T_HT","HT","Type II"
"RBM47",FALSE,,0.0444333333333333,39.2857654814128,FALSE,"T_HT","HT","Type I"
"RNF185",FALSE,,0.0302666666666667,28.102626725535,FALSE,"T_HT","HT","Type I"
"SAMHD1",FALSE,,0.0239,371.811689966475,FALSE,"T_HT","HT","Type I"
"SETD2",FALSE,,0.0725666666666667,54.4402053897246,FALSE,"T_HT","HT","Type I"
"SHFL",TRUE,0.178666666666667,0.178666666666667,76.1123797295843,FALSE,"T_HT","HT","Type I + II"
"SHMT2",FALSE,,0.0593,118.508984082548,FALSE,"T_HT","HT","Type I"
"SIN3A",FALSE,,0.0845,54.0451389044111,FALSE,"T_HT","HT","Type I"
"SIRPA",FALSE,,0.0229,245.892277080399,FALSE,"T_HT","HT","Type II"
"SLC11A1",FALSE,,0.105566666666667,49.938082432211,FALSE,"T_HT","HT","Type II"
"SLC22A5",FALSE,,0.0722666666666667,5.2856572658577,FALSE,"T_HT","HT","Type II"
"SLC26A6",FALSE,,0.0728333333333333,27.5796038304157,FALSE,"T_HT","HT","Type II"
"SMIM30",FALSE,,0.00273333333333334,42.9468015531196,FALSE,"T_HT","HT","Type I"
"SMPD1",FALSE,,0.0311333333333333,80.7364146522116,FALSE,"T_HT","HT","Type I"
"SP100",FALSE,,0.0606333333333333,169.422445157332,FALSE,"T_HT","HT","Type I + II"
"STAT1",FALSE,,0.132133333333333,241.335073531863,FALSE,"T_HT","HT","Type I + II"
"STAT2",FALSE,,0.0801333333333333,130.985962316964,FALSE,"T_HT","HT","Type I"
"STING1",FALSE,,0.126633333333333,39.1267928054885,FALSE,"T_HT","HT","Type I"
"STX4",FALSE,,0.0204666666666667,154.829074390512,FALSE,"T_HT","HT","Type II"
"STX8",FALSE,,0.0947,15.5762249717543,FALSE,"T_HT","HT","Type II"
"STXBP1",FALSE,,0.0670333333333333,9.49109552815305,FALSE,"T_HT","HT","Type II"
"STXBP3",FALSE,,0.0416,89.1475949830491,FALSE,"T_HT","HT","Type II"
"TANK",FALSE,,0.0446666666666667,170.908336243314,FALSE,"T_HT","HT","Type I"
"TBK1",FALSE,,0.0347333333333333,95.8309383694104,FALSE,"T_HT","HT","Type I"
"TBKBP1",FALSE,,0.0660333333333333,13.6575286984109,FALSE,"T_HT","HT","Type I"
"TLR2",FALSE,,0.0406666666666667,191.620776494464,FALSE,"T_HT","HT","Type II"
"TLR4",FALSE,,0.0588,35.1983721202841,FALSE,"T_HT","HT","Type II"
"TNF",FALSE,,0.0564,125.969766241889,FALSE,"T_HT","HT","Type II"
"TP53",FALSE,,0.0992333333333333,6.12698666658242,FALSE,"T_HT","HT","Type II"
"TRAF3",FALSE,,0.0670333333333333,61.1246601012525,FALSE,"T_HT","HT","Type I"
"TRIM21",FALSE,,0.0488666666666667,108.499572400291,FALSE,"T_HT","HT","Type II"
"TRIM41",FALSE,,0.0916,22.5201413633511,FALSE,"T_HT","HT","Type I"
"TRIM56",FALSE,,0.0454333333333333,23.4118942536397,FALSE,"T_HT","HT","Type I"
"TRIM6",FALSE,,0.1524,12.4863435318804,FALSE,"T_HT","HT","Type I"
"TRIM65",FALSE,,0.0922,16.0883581613029,FALSE,"T_HT","HT","Type I"
"TTLL12",FALSE,,0.0278333333333333,50.4372628462799,FALSE,"T_HT","HT","Type I"
"TYK2",FALSE,,0.0242,399.815483998839,FALSE,"T_HT","HT","Type I + II"
"UBE2K",FALSE,,0.0466,70.2935870532697,FALSE,"T_HT","HT","Type I"
"USP18",TRUE,0.164,0.164,110.244478678528,TRUE,"T_HT","HT","Type I"
"VAMP3",FALSE,,0.0356666666666667,41.4911765233828,FALSE,"T_HT","HT","Type II"
"VIM",FALSE,,0.0229,1767.03801290302,FALSE,"T_HT","HT","Type II"
"VPS26B",FALSE,,0.0603,27.1983545860666,FALSE,"T_HT","HT","Type II"
"WAS",FALSE,,0.00713333333333344,88.0095782728773,FALSE,"T_HT","HT","Type II"
"WNT5A",FALSE,,0.0649333333333334,8.2713172408824,FALSE,"T_HT","HT","Type I + II"
"YTHDF2",FALSE,,0.0134666666666667,111.960625888566,FALSE,"T_HT","HT","Type I"
"YTHDF3",FALSE,,0.0337666666666667,76.1269836923821,FALSE,"T_HT","HT","Type I"
"ZYX",FALSE,,0.0224666666666667,1268.60469392818,FALSE,"T_HT","HT","Type II"
"ACOD1",FALSE,,0.0295,469.915099581168,FALSE,"H_HT","HT","Type II"
"ACTG1",FALSE,,0.0414666666666667,7799.64155403936,FALSE,"H_HT","HT","Type II"
"ACTR2",FALSE,,0.0646333333333333,633.311427914744,FALSE,"H_HT","HT","Type II"
"ACTR3",FALSE,,0.0180333333333333,1235.650797751,FALSE,"H_HT","HT","Type II"
"ADAR",FALSE,,0.0473333333333333,249.770998243047,FALSE,"H_HT","HT","Type I"
"AIF1",FALSE,,0.0201666666666667,684.532312012937,FALSE,"H_HT","HT","Type II"
"AZI2",FALSE,,0.0467333333333333,115.481475759194,FALSE,"H_HT","HT","Type I"
"BST2",FALSE,,0.00153333333333333,420.385369778565,FALSE,"H_HT","HT","Type II"
"CACTIN",FALSE,,0.0626,19.2162837153219,FALSE,"H_HT","HT","Type I"
"CALCOCO2",FALSE,,0.0671,129.408065980416,FALSE,"H_HT","HT","Type II"
"CALM1",FALSE,,0.0711666666666667,975.625943708026,FALSE,"H_HT","HT","Type II"
"CASP1",FALSE,,0.0933666666666667,204.993936008022,FALSE,"H_HT","HT","Type II"
"CCL14",FALSE,,0.0299333333333333,49.3722073919708,FALSE,"H_HT","HT","Type II"
"CCL18",FALSE,,0.1355,3696.4682131142,FALSE,"H_HT","HT","Type II"
"CCL2",FALSE,,0.000966666666666671,3103.83144679389,FALSE,"H_HT","HT","Type II"
"CCL20",FALSE,,0.0219333333333333,968.1437534279,FALSE,"H_HT","HT","Type II"
"CCL22",FALSE,,0.0950333333333333,4844.50791064634,FALSE,"H_HT","HT","Type II"
"CCL24",FALSE,,0.0405666666666667,220.13146693876,FALSE,"H_HT","HT","Type II"
"CCL3",FALSE,,0.136,22409.4596175093,FALSE,"H_HT","HT","Type II"
"CCL4",FALSE,,0.0596,22571.2938951298,FALSE,"H_HT","HT","Type II"
"CCL7",FALSE,,0.0907,294.913838126709,FALSE,"H_HT","HT","Type II"
"CD47",FALSE,,0.0113,488.283262247737,FALSE,"H_HT","HT","Type II"
"CD74",FALSE,,0.0823666666666667,19052.5610682379,FALSE,"H_HT","HT","Type II"
"CDC37",FALSE,,0.00956666666666672,518.982057361205,FALSE,"H_HT","HT","Type I + II"
"CIITA",FALSE,,0.0670333333333333,11.0540033572186,FALSE,"H_HT","HT","Type II"
"CITED1",FALSE,,0.120633333333333,25.2945962575131,FALSE,"H_HT","HT","Type II"
"CNOT7",FALSE,,0.0852,74.1642621260753,FALSE,"H_HT","HT","Type I"
"CXCL16",FALSE,,0.0912333333333333,661.390044629446,FALSE,"H_HT","HT","Type II"
"CYP27B1",FALSE,,0.124833333333333,325.378596699472,FALSE,"H_HT","HT","Type II"
"DAPK1",FALSE,,0.0450666666666667,99.3399224606574,FALSE,"H_HT","HT","Type II"
"DCST1",FALSE,,0.0581,99.7538912316845,FALSE,"H_HT","HT","Type I"
"EIF4E2",FALSE,,0.0523,125.787266437809,FALSE,"H_HT","HT","Type I"
"EPRS1",FALSE,,0.0569333333333333,113.990247479741,FALSE,"H_HT","HT","Type II"
"FLNB",FALSE,,0.0847333333333333,35.149965371881,FALSE,"H_HT","HT","Type II"
"GAPDH",FALSE,,0.0379,6336.81747664196,FALSE,"H_HT","HT","Type II"
"GBP1",FALSE,,0.1456,1116.91648994797,FALSE,"H_HT","HT","Type II"
"GBP4",FALSE,,0.135166666666667,188.836220505923,FALSE,"H_HT","HT","Type II"
"GBP5",FALSE,,0.0899666666666667,303.186828571735,FALSE,"H_HT","HT","Type II"
"GCH1",FALSE,,0.0298,274.394561924516,FALSE,"H_HT","HT","Type II"
"GIGYF2",FALSE,,0.0417333333333333,41.8781771028601,FALSE,"H_HT","HT","Type I"
"GSN",FALSE,,0.0488333333333333,2944.77350689871,FALSE,"H_HT","HT","Type II"
"HCK",FALSE,,0.0246333333333333,528.340668627438,FALSE,"H_HT","HT","Type II"
"HLA-DPA1",FALSE,,0.0375333333333333,5181.54086934808,FALSE,"H_HT","HT","Type II"
"IFI27",FALSE,,0.023,86.0730522478517,FALSE,"H_HT","HT","Type I"
"IFIH1",FALSE,,0.0439,393.88365979618,FALSE,"H_HT","HT","Type I"
"IFIT1",FALSE,,0.1323,2069.35689622992,FALSE,"H_HT","HT","Type I"
"IFITM2",TRUE,0.363,0.363,193.578988054661,TRUE,"H_HT","HT","Type I + II"
"IFITM3",FALSE,,0.00736666666666667,662.072859853423,FALSE,"H_HT","HT","Type I + II"
"IFNAR1",FALSE,,0.0462,128.190923661118,FALSE,"H_HT","HT","Type I"
"IFNAR2",FALSE,,0.0769333333333333,198.383682305546,FALSE,"H_HT","HT","Type I"
"IFNGR1",FALSE,,0.0687333333333333,224.380880259301,FALSE,"H_HT","HT","Type II"
"IFNGR2",FALSE,,0.0890666666666667,517.177328672651,FALSE,"H_HT","HT","Type II"
"IKBKE",FALSE,,0.0992666666666667,86.2598667204137,FALSE,"H_HT","HT","Type I"
"IL12RB1",FALSE,,0.238333333333333,6.71516516265458,FALSE,"H_HT","HT","Type II"
"IRAK1",FALSE,,0.0310666666666667,186.968128525509,FALSE,"H_HT","HT","Type I"
"IRF1",FALSE,,0.123066666666667,271.395666215384,FALSE,"H_HT","HT","Type II"
"IRF3",FALSE,,0.111533333333333,34.0708426159083,FALSE,"H_HT","HT","Type I"
"IRF7",FALSE,,0.0779333333333334,188.824611064504,FALSE,"H_HT","HT","Type I"
"IRF8",FALSE,,0.0544666666666667,125.857118938801,FALSE,"H_HT","HT","Type II"
"JAK1",FALSE,,0.086,190.003305002647,FALSE,"H_HT","HT","Type I + II"
"JAK2",TRUE,0.1622,0.1622,76.0581624529961,TRUE,"H_HT","HT","Type II"
"KIF5B",FALSE,,0.1044,179.359178201219,FALSE,"H_HT","HT","Type II"
"KYNU",FALSE,,0.0320333333333333,1331.46952925097,FALSE,"H_HT","HT","Type II"
"LSM14A",FALSE,,0.0783333333333333,70.0312851549471,FALSE,"H_HT","HT","Type I"
"METTL3",FALSE,,0.0517333333333333,31.1306640707695,FALSE,"H_HT","HT","Type I"
"MMP12",FALSE,,0.0656666666666667,85.5042397847944,FALSE,"H_HT","HT","Type I"
"MRC1",FALSE,,0.0541333333333333,2614.98809313935,FALSE,"H_HT","HT","Type II"
"MX1",FALSE,,0.0586,1477.48923442626,FALSE,"H_HT","HT","Type I"
"MYD88",FALSE,,0.0333666666666667,514.300287107744,FALSE,"H_HT","HT","Type I"
"MYO1C",FALSE,,0.0582333333333333,55.654557040705,FALSE,"H_HT","HT","Type II"
"NLRC5",FALSE,,0.0675666666666666,117.49275880516,FALSE,"H_HT","HT","Type I + II"
"NR1H2",FALSE,,0.0924333333333334,74.9193651341065,FALSE,"H_HT","HT","Type II"
"NR1H3",FALSE,,0.0263,1016.74714571134,FALSE,"H_HT","HT","Type II"
"NUB1",FALSE,,0.0593333333333333,190.338578971377,FALSE,"H_HT","HT","Type II"
"OAS1",FALSE,,0.103866666666667,477.768173935724,FALSE,"H_HT","HT","Type I"
"OAS2",FALSE,,0.0884666666666667,435.994842232622,FALSE,"H_HT","HT","Type I"
"OAS3",FALSE,,0.0715666666666667,342.162035403051,FALSE,"H_HT","HT","Type I"
"PARP14",FALSE,,0.121266666666667,334.357592730329,FALSE,"H_HT","HT","Type II"
"PARP9",FALSE,,0.1725,269.280331475616,FALSE,"H_HT","HT","Type II"
"PPARG",FALSE,,0.0838666666666666,98.0233261086363,FALSE,"H_HT","HT","Type II"
"PTPN11",FALSE,,0.0837,67.4708642382935,FALSE,"H_HT","HT","Type I"
"PTPN2",FALSE,,0.0844333333333333,90.371538716021,FALSE,"H_HT","HT","Type I + II"
"PTPN6",FALSE,,0.0531666666666667,710.175645758505,FALSE,"H_HT","HT","Type I"
"RAB43",FALSE,,0.186933333333333,74.1621685470099,FALSE,"H_HT","HT","Type II"
"RAB7B",FALSE,,0.0370333333333333,661.190486480762,FALSE,"H_HT","HT","Type II"
"RAF1",FALSE,,0.0773666666666667,103.376866210957,FALSE,"H_HT","HT","Type II"
"RBM47",FALSE,,0.0683666666666667,199.515015791947,FALSE,"H_HT","HT","Type I"
"SAMHD1",FALSE,,0.088,733.408423446824,FALSE,"H_HT","HT","Type I"
"SETD2",FALSE,,0.113166666666667,33.2786179323782,FALSE,"H_HT","HT","Type I"
"SHFL",FALSE,,0.0296333333333333,92.8931578161464,FALSE,"H_HT","HT","Type I + II"
"SHMT2",FALSE,,0.0966,95.8935110217153,FALSE,"H_HT","HT","Type I"
"SIN3A",FALSE,,0.0917,18.6373237121013,FALSE,"H_HT","HT","Type I"
"SIRPA",FALSE,,0.1271,504.617907725725,FALSE,"H_HT","HT","Type II"
"SLC11A1",FALSE,,0.0923333333333333,715.371807646841,FALSE,"H_HT","HT","Type II"
"SLC22A5",FALSE,,0.233733333333333,3.08057564219351,FALSE,"H_HT","HT","Type II"
"SLC26A6",FALSE,,0.0705333333333333,19.7055814263977,FALSE,"H_HT","HT","Type II"
"SNCA",FALSE,,0.0293,46.8137869767461,FALSE,"H_HT","HT","Type II"
"SP100",FALSE,,0.0513666666666667,224.409596968389,FALSE,"H_HT","HT","Type I + II"
"STAT1",FALSE,,0.0690333333333333,681.362099064368,FALSE,"H_HT","HT","Type I + II"
"STAT2",FALSE,,0.0983,264.412431790208,FALSE,"H_HT","HT","Type I"
"STING1",FALSE,,0.0374333333333333,68.1864721987322,FALSE,"H_HT","HT","Type I"
"STX4",FALSE,,0.0306666666666666,439.973115514919,FALSE,"H_HT","HT","Type II"
"STX8",FALSE,,0.132933333333333,61.4979063039872,FALSE,"H_HT","HT","Type II"
"STXBP1",FALSE,,0.1464,18.8270258490289,FALSE,"H_HT","HT","Type II"
"STXBP3",FALSE,,0.0856,71.676112165561,FALSE,"H_HT","HT","Type II"
"TANK",FALSE,,0.0676666666666667,262.491836086052,FALSE,"H_HT","HT","Type I"
"TBK1",FALSE,,0.119466666666667,143.043892338124,FALSE,"H_HT","HT","Type I"
"TBKBP1",FALSE,,0.100866666666667,11.8140672920828,FALSE,"H_HT","HT","Type I"
"TLR2",FALSE,,0.0504333333333333,282.77871879528,FALSE,"H_HT","HT","Type II"
"TNF",FALSE,,0.0579333333333333,1554.49179845361,FALSE,"H_HT","HT","Type II"
"TP53",FALSE,,0.1744,20.5922016667628,FALSE,"H_HT","HT","Type II"
"TRAF3",FALSE,,0.0562666666666667,43.2640188619553,FALSE,"H_HT","HT","Type I"
"TRIM21",FALSE,,0.0232333333333333,192.21387993307,FALSE,"H_HT","HT","Type II"
"TRIM41",FALSE,,0.0385333333333333,17.5340517877195,FALSE,"H_HT","HT","Type I"
"TRIM56",FALSE,,0.0590666666666667,32.2698003485525,FALSE,"H_HT","HT","Type I"
"TRIM6",FALSE,,0.0227666666666667,27.7116546755733,FALSE,"H_HT","HT","Type I"
"TTLL12",FALSE,,0.170666666666667,34.4715891351678,FALSE,"H_HT","HT","Type I"
"TYK2",FALSE,,0.0462666666666667,89.9262829226116,FALSE,"H_HT","HT","Type I + II"
"UBD",FALSE,,0.111,5.17204590171548,FALSE,"H_HT","HT","Type II"
"USP18",TRUE,0.173066666666667,0.173066666666667,411.748786122903,TRUE,"H_HT","HT","Type I"
"VIM",FALSE,,0.0456666666666667,16106.286746483,FALSE,"H_HT","HT","Type II"
"WNT5A",FALSE,,0.0823,5.66866655450195,FALSE,"H_HT","HT","Type I + II"
"YTHDF3",FALSE,,0.0804333333333334,104.072587264124,FALSE,"H_HT","HT","Type I"
"ZYX",FALSE,,0.0433,1228.27735409009,FALSE,"H_HT","HT","Type II"
"ACTG1",FALSE,,0.0163,5688.60186836915,FALSE,"U_UT","UT","Type II"
"ACTR2",FALSE,,0.0352,654.714253690926,FALSE,"U_UT","UT","Type II"
"ACTR3",FALSE,,0.0207333333333334,1081.29592811426,FALSE,"U_UT","UT","Type II"
"ADAMTS13",FALSE,,0.0701,5.14249346261556,FALSE,"U_UT","UT","Type II"
"ADAR",FALSE,,0.0699333333333333,441.818557563525,FALSE,"U_UT","UT","Type I"
"AIF1",FALSE,,0.0413666666666667,78.533705041683,FALSE,"U_UT","UT","Type II"
"ASS1",FALSE,,0.0217,414.630417354644,FALSE,"U_UT","UT","Type II"
"AZI2",FALSE,,0.0418666666666667,64.4385108535218,FALSE,"U_UT","UT","Type I"
"BST2",FALSE,,0.0042,977.171679111646,FALSE,"U_UT","UT","Type II"
"CACTIN",FALSE,,0.0253333333333333,26.9800741233398,FALSE,"U_UT","UT","Type I"
"CALCOCO2",FALSE,,0.0379666666666667,143.737436307368,FALSE,"U_UT","UT","Type II"
"CALM1",FALSE,,0.0355333333333333,338.585747524342,FALSE,"U_UT","UT","Type II"
"CAMK2A",FALSE,,0.102166666666667,10.0453976519024,FALSE,"U_UT","UT","Type II"
"CASP1",FALSE,,0.0663,152.294706077293,FALSE,"U_UT","UT","Type II"
"CCL1",TRUE,0.470433333333333,0.474166666666667,168.396613082446,TRUE,"U_UT","UT","Type II"
"CCL2",FALSE,,0.0402666666666666,97.2012732744967,FALSE,"U_UT","UT","Type II"
"CCL20",FALSE,,0.0338333333333334,1466.38677659275,FALSE,"U_UT","UT","Type II"
"CCL21",FALSE,,0.0145,13.7054571620215,FALSE,"U_UT","UT","Type II"
"CCL22",TRUE,0.882166666666667,0.882166666666667,16.1158509978708,TRUE,"U_UT","UT","Type II"
"CCL23",FALSE,,0.1234,15.5979198548136,FALSE,"U_UT","UT","Type II"
"CCL3",TRUE,0.292766666666667,0.292766666666667,3111.0724809601,TRUE,"U_UT","UT","Type II"
"CCL4",TRUE,0.317466666666667,0.317466666666667,3751.64931962446,TRUE,"U_UT","UT","Type II"
"CD47",FALSE,,0.0363666666666667,213.054673133307,FALSE,"U_UT","UT","Type II"
"CD58",FALSE,,0.0356333333333333,207.44534799264,FALSE,"U_UT","UT","Type II"
"CD74",FALSE,,0.0186333333333333,399.726734246515,FALSE,"U_UT","UT","Type II"
"CDC37",FALSE,,0.00819999999999999,475.289201514054,FALSE,"U_UT","UT","Type I + II"
"CDC42EP4",FALSE,,0.00813333333333334,26.9865935187505,FALSE,"U_UT","UT","Type II"
"CITED1",FALSE,,0.0587,37.085097098227,FALSE,"U_UT","UT","Type II"
"CNOT7",FALSE,,0.0575,179.373215569196,FALSE,"U_UT","UT","Type I"
"CXCL16",FALSE,,0.0437666666666667,50.2200260702286,FALSE,"U_UT","UT","Type II"
"CYP27B1",FALSE,,0.0665666666666667,69.9438999404653,FALSE,"U_UT","UT","Type II"
"DAPK1",FALSE,,0.0805333333333333,79.6198817352956,FALSE,"U_UT","UT","Type II"
"DAPK3",FALSE,,0.0330333333333334,63.5778115060767,FALSE,"U_UT","UT","Type II"
"DCST1",FALSE,,0.0410333333333333,189.543038101292,FALSE,"U_UT","UT","Type I"
"EIF4E2",FALSE,,0.1657,166.813621071458,FALSE,"U_UT","UT","Type I"
"EPRS1",FALSE,,0.049,383.958746999576,FALSE,"U_UT","UT","Type II"
"FLNB",FALSE,,0.0775666666666666,60.5828364917844,FALSE,"U_UT","UT","Type II"
"GAPDH",FALSE,,0.0349333333333333,2384.7858093429,FALSE,"U_UT","UT","Type II"
"GBP1",FALSE,,0.0776,67.3764389667114,FALSE,"U_UT","UT","Type II"
"GBP3",FALSE,,0.0482666666666667,71.4251276983343,FALSE,"U_UT","UT","Type II"
"GBP4",FALSE,,0.0582666666666667,33.3800517216011,FALSE,"U_UT","UT","Type II"
"GBP5",FALSE,,0.106666666666667,18.4875690530945,FALSE,"U_UT","UT","Type II"
"GCH1",FALSE,,0.109666666666667,56.1765378644103,FALSE,"U_UT","UT","Type II"
"GIGYF2",FALSE,,0.0491666666666667,64.352577000813,FALSE,"U_UT","UT","Type I"
"GSN",FALSE,,0.0153666666666667,1110.0150197725,FALSE,"U_UT","UT","Type II"
"HCK",FALSE,,0.0667,97.278391262502,FALSE,"U_UT","UT","Type II"
"HDAC4",FALSE,,0.0360666666666666,10.6094549571651,FALSE,"U_UT","UT","Type I"
"IFI27",FALSE,,0.00546666666666668,397.478308747536,FALSE,"U_UT","UT","Type I"
"IFIH1",FALSE,,0.0394,112.329523319644,FALSE,"U_UT","UT","Type I"
"IFIT1",FALSE,,0.0483333333333333,187.559551060254,FALSE,"U_UT","UT","Type I"
"IFITM2",FALSE,,0.0262333333333333,1205.99706871236,FALSE,"U_UT","UT","Type I + II"
"IFITM3",FALSE,,0.0027666666666667,1810.72489086401,FALSE,"U_UT","UT","Type I + II"
"IFNAR1",FALSE,,0.0960333333333333,85.8223271542784,FALSE,"U_UT","UT","Type I"
"IFNAR2",FALSE,,0.0660333333333333,315.863179649119,FALSE,"U_UT","UT","Type I"
"IFNGR1",FALSE,,0.0379,308.180695302388,FALSE,"U_UT","UT","Type II"
"IFNGR2",FALSE,,0.0178,456.413929849365,FALSE,"U_UT","UT","Type II"
"IKBKE",FALSE,,0.0878,118.559457108741,FALSE,"U_UT","UT","Type I"
"IL12RB1",FALSE,,0.0976,14.4861525791464,FALSE,"U_UT","UT","Type II"
"IRAK1",FALSE,,0.0101666666666667,435.65836667446,FALSE,"U_UT","UT","Type I"
"IRF1",FALSE,,0.0259666666666667,117.426117666043,FALSE,"U_UT","UT","Type II"
"IRF3",FALSE,,0.0257,148.307824749849,FALSE,"U_UT","UT","Type I"
"IRF7",FALSE,,0.0328666666666667,97.1405637795015,FALSE,"U_UT","UT","Type I"
"IRF8",FALSE,,0.0627333333333333,68.640162316236,FALSE,"U_UT","UT","Type II"
"ISG15",FALSE,,1e-04,758.466187846471,FALSE,"U_UT","UT","Type I"
"JAK1",FALSE,,0.0478,101.365952678398,FALSE,"U_UT","UT","Type I + II"
"JAK2",FALSE,,0.0662333333333333,54.1925010844759,FALSE,"U_UT","UT","Type II"
"KIF5B",FALSE,,0.0475333333333333,172.571455845042,FALSE,"U_UT","UT","Type II"
"KYNU",FALSE,,0.0333,490.026148156993,FALSE,"U_UT","UT","Type II"
"LSM14A",FALSE,,0.0594,135.318971917763,FALSE,"U_UT","UT","Type I"
"MED1",FALSE,,0.0604,42.257288944657,FALSE,"U_UT","UT","Type II"
"MEFV",FALSE,,0.0274,16.3820169382775,FALSE,"U_UT","UT","Type II"
"METTL3",FALSE,,0.0356666666666667,57.7794979137125,FALSE,"U_UT","UT","Type I"
"MX1",FALSE,,0.0617666666666667,151.247526218845,FALSE,"U_UT","UT","Type I"
"MYD88",FALSE,,0.0261333333333333,121.47101500701,FALSE,"U_UT","UT","Type I"
"MYO1C",FALSE,,0.0741666666666667,21.5164596718789,FALSE,"U_UT","UT","Type II"
"NLRC5",FALSE,,0.0327,65.4448459411824,FALSE,"U_UT","UT","Type I + II"
"NOS2",FALSE,,0.0390333333333333,27.0990484368767,FALSE,"U_UT","UT","Type II"
"NR1H2",FALSE,,0.1448,68.5612803959336,FALSE,"U_UT","UT","Type II"
"NR1H3",FALSE,,0.0224,55.6573117296569,FALSE,"U_UT","UT","Type II"
"NUB1",FALSE,,0.0789333333333333,151.153464010994,FALSE,"U_UT","UT","Type II"
"OAS1",FALSE,,0.0284333333333333,235.348849461846,FALSE,"U_UT","UT","Type I"
"OAS2",FALSE,,0.0783666666666666,183.584838449669,FALSE,"U_UT","UT","Type I"
"OAS3",FALSE,,0.0432666666666667,478.87117319745,FALSE,"U_UT","UT","Type I"
"PARP14",FALSE,,0.0572333333333333,141.881177684834,FALSE,"U_UT","UT","Type II"
"PARP9",FALSE,,0.0705333333333333,140.749689801237,FALSE,"U_UT","UT","Type II"
"PDE12",FALSE,,0.0435,23.5119105966673,FALSE,"U_UT","UT","Type II"
"PPARG",FALSE,,0.122466666666667,34.2924926860979,FALSE,"U_UT","UT","Type II"
"PTPN1",FALSE,,0.0478,75.6252897288741,FALSE,"U_UT","UT","Type I"
"PTPN11",FALSE,,0.109866666666667,76.9379290234147,FALSE,"U_UT","UT","Type I"
"PTPN2",FALSE,,0.0425333333333333,92.0936216787428,FALSE,"U_UT","UT","Type I + II"
"PTPN6",FALSE,,0.0419666666666667,282.796626010025,FALSE,"U_UT","UT","Type I"
"RAB43",FALSE,,0.0289333333333333,84.6143426720903,FALSE,"U_UT","UT","Type II"
"RAB7B",FALSE,,0.0626,194.027001265295,FALSE,"U_UT","UT","Type II"
"RAF1",FALSE,,0.0637666666666667,146.985999188191,FALSE,"U_UT","UT","Type II"
"RBM47",FALSE,,0.130066666666667,32.1157359417908,FALSE,"U_UT","UT","Type I"
"RNF185",FALSE,,0.0717333333333333,38.307490464879,FALSE,"U_UT","UT","Type I"
"SAMHD1",FALSE,,0.0572,261.202234594133,FALSE,"U_UT","UT","Type I"
"SETD2",FALSE,,0.0359666666666667,68.4332450389006,FALSE,"U_UT","UT","Type I"
"SHFL",FALSE,,0.0581666666666667,75.9539341917573,FALSE,"U_UT","UT","Type I + II"
"SHMT2",FALSE,,0.0172666666666667,174.391894260056,FALSE,"U_UT","UT","Type I"
"SIN3A",FALSE,,0.0592666666666667,58.150459099695,FALSE,"U_UT","UT","Type I"
"SIRPA",FALSE,,0.0129666666666667,148.565444836869,FALSE,"U_UT","UT","Type II"
"SLC11A1",FALSE,,0.128266666666667,66.2163592637322,FALSE,"U_UT","UT","Type II"
"SLC22A5",FALSE,,0.122766666666667,7.73179597699464,FALSE,"U_UT","UT","Type II"
"SLC26A6",FALSE,,0.0454666666666667,72.5873849259653,FALSE,"U_UT","UT","Type II"
"SMIM30",FALSE,,0.0365666666666666,78.3397631171798,FALSE,"U_UT","UT","Type I"
"SMPD1",FALSE,,0.0187666666666667,67.211390570218,FALSE,"U_UT","UT","Type I"
"SP100",FALSE,,0.0245666666666667,171.978074855402,FALSE,"U_UT","UT","Type I + II"
"STAT1",FALSE,,0.0283666666666667,428.808289045625,FALSE,"U_UT","UT","Type I + II"
"STAT2",FALSE,,0.0406,117.018488356146,FALSE,"U_UT","UT","Type I"
"STING1",FALSE,,0.0252333333333333,165.317865850708,FALSE,"U_UT","UT","Type I"
"STX4",FALSE,,0.0992,172.335540722021,FALSE,"U_UT","UT","Type II"
"STX8",FALSE,,0.0328,34.1896313465097,FALSE,"U_UT","UT","Type II"
"STXBP1",FALSE,,0.0368,22.8985820541903,FALSE,"U_UT","UT","Type II"
"STXBP3",FALSE,,0.0258666666666667,120.7022934256,FALSE,"U_UT","UT","Type II"
"STXBP4",FALSE,,0.105266666666667,3.0801311279422,FALSE,"U_UT","UT","Type II"
"TANK",FALSE,,0.280733333333333,119.318680114417,FALSE,"U_UT","UT","Type I"
"TBK1",FALSE,,0.0917666666666667,156.098760089228,FALSE,"U_UT","UT","Type I"
"TBKBP1",FALSE,,0.0224,29.6953197763089,FALSE,"U_UT","UT","Type I"
"TLR2",FALSE,,0.0264666666666667,120.10894988187,FALSE,"U_UT","UT","Type II"
"TLR4",FALSE,,0.0528666666666666,12.8496168756956,FALSE,"U_UT","UT","Type II"
"TNF",FALSE,,0.0693666666666667,180.821119673516,FALSE,"U_UT","UT","Type II"
"TP53",FALSE,,0.0566,7.37923577825892,FALSE,"U_UT","UT","Type II"
"TRAF3",FALSE,,0.0719666666666667,33.4373197362326,FALSE,"U_UT","UT","Type I"
"TRIM21",FALSE,,0.0461333333333334,84.7908761759649,FALSE,"U_UT","UT","Type II"
"TRIM41",FALSE,,0.0247666666666667,57.1112214992924,FALSE,"U_UT","UT","Type I"
"TRIM6",FALSE,,0.130766666666667,13.5719521643461,FALSE,"U_UT","UT","Type I"
"TRIM65",FALSE,,0.0444333333333333,23.9632367841443,FALSE,"U_UT","UT","Type I"
"TTLL12",FALSE,,0.103433333333333,92.5874102899665,FALSE,"U_UT","UT","Type I"
"TYK2",FALSE,,0.0237666666666667,318.571368974083,FALSE,"U_UT","UT","Type I + II"
"UBD",FALSE,,0.0424,2.73337704712342,FALSE,"U_UT","UT","Type II"
"UBE2K",FALSE,,0.0491,113.993944133885,FALSE,"U_UT","UT","Type I"
"USP18",FALSE,,0.0384,148.575123034374,FALSE,"U_UT","UT","Type I"
"VAMP3",FALSE,,0.0584666666666667,89.8702148525254,FALSE,"U_UT","UT","Type II"
"VIM",FALSE,,0.0335666666666666,1378.99784672692,FALSE,"U_UT","UT","Type II"
"VPS26B",FALSE,,0.0126666666666667,58.4977347683231,FALSE,"U_UT","UT","Type II"
"WAS",FALSE,,0.0347666666666667,86.9742029893071,FALSE,"U_UT","UT","Type II"
"YTHDF2",FALSE,,0.0481666666666667,142.47526543263,FALSE,"U_UT","UT","Type I"
"YTHDF3",FALSE,,0.0234,108.035409407727,FALSE,"U_UT","UT","Type I"
"ZYX",FALSE,,0.00996666666666668,1157.30048104936,FALSE,"U_UT","UT","Type II"
"ACOD1",FALSE,,0.0740666666666667,136.746242979541,FALSE,"T_UT","UT","Type II"
"ACTG1",FALSE,,0.0118666666666666,7069.64072302192,FALSE,"T_UT","UT","Type II"
"ACTR2",FALSE,,0.0652,806.05641393421,FALSE,"T_UT","UT","Type II"
"ACTR3",FALSE,,0.0200333333333333,1545.92497045664,FALSE,"T_UT","UT","Type II"
"ADAMTS13",FALSE,,0.0590666666666667,4.72326240623575,FALSE,"T_UT","UT","Type II"
"ADAR",FALSE,,0.0426333333333333,526.658271826562,FALSE,"T_UT","UT","Type I"
"AIF1",FALSE,,0.0775,344.144632605448,FALSE,"T_UT","UT","Type II"
"ASS1",FALSE,,0.0338666666666667,451.95452384051,FALSE,"T_UT","UT","Type II"
"AZI2",FALSE,,0.0928666666666667,76.3109843622958,FALSE,"T_UT","UT","Type I"
"BST2",FALSE,,0.019,488.223734437456,FALSE,"T_UT","UT","Type II"
"CACTIN",FALSE,,0.0291333333333333,30.1668604153656,FALSE,"T_UT","UT","Type I"
"CALCOCO2",FALSE,,0.0726333333333333,97.5992967387954,FALSE,"T_UT","UT","Type II"
"CALM1",FALSE,,0.0554666666666667,263.552179413723,FALSE,"T_UT","UT","Type II"
"CASP1",FALSE,,0.0424666666666667,191.156543584484,FALSE,"T_UT","UT","Type II"
"CCL14",FALSE,,0.225266666666667,3.97074671869226,FALSE,"T_UT","UT","Type II"
"CCL19",FALSE,,0.0162333333333333,69.3113668646612,FALSE,"T_UT","UT","Type II"
"CCL2",FALSE,,0.0208666666666667,250.689324821131,FALSE,"T_UT","UT","Type II"
"CCL20",FALSE,,0.0184,2508.15696147861,FALSE,"T_UT","UT","Type II"
"CCL21",FALSE,,0.0605666666666667,38.2227511383931,FALSE,"T_UT","UT","Type II"
"CCL22",TRUE,0.356333333333333,0.356333333333333,147.868336684749,TRUE,"T_UT","UT","Type II"
"CCL23",FALSE,,0.029,48.0242967600162,FALSE,"T_UT","UT","Type II"
"CCL24",FALSE,,0.0938,13.512383117109,FALSE,"T_UT","UT","Type II"
"CCL3",TRUE,0.235966666666667,0.235966666666667,7597.4760422593,TRUE,"T_UT","UT","Type II"
"CCL4",TRUE,0.188233333333333,0.188233333333333,14676.5237611215,TRUE,"T_UT","UT","Type II"
"CD47",FALSE,,0.0541666666666667,209.824941081712,FALSE,"T_UT","UT","Type II"
"CD58",FALSE,,0.0364666666666667,447.059912993733,FALSE,"T_UT","UT","Type II"
"CD74",FALSE,,0.0174666666666667,600.932358449872,FALSE,"T_UT","UT","Type II"
"CDC37",FALSE,,0.0538666666666667,522.398957728435,FALSE,"T_UT","UT","Type I + II"
"CDC42EP4",FALSE,,0.00793333333333335,54.7614840716334,FALSE,"T_UT","UT","Type II"
"CIITA",FALSE,,0.123333333333333,4.16068275342716,FALSE,"T_UT","UT","Type II"
"CITED1",FALSE,,0.0812,31.3811587690296,FALSE,"T_UT","UT","Type II"
"CLDN1",FALSE,,0.0130666666666667,15.8233648792668,FALSE,"T_UT","UT","Type II"
"CNOT7",FALSE,,0.0282666666666667,174.558575960889,FALSE,"T_UT","UT","Type I"
"CXCL16",FALSE,,0.0738,46.3824004993513,FALSE,"T_UT","UT","Type II"
"CYP27B1",FALSE,,0.0396,100.089984318034,FALSE,"T_UT","UT","Type II"
"DAPK1",FALSE,,0.0943333333333333,48.3182220614762,FALSE,"T_UT","UT","Type II"
"DAPK3",FALSE,,0.0117333333333334,72.1821286262769,FALSE,"T_UT","UT","Type II"
"DCST1",FALSE,,0.0279,248.452246845448,FALSE,"T_UT","UT","Type I"
"EDN1",FALSE,,0.1833,7.50920958280034,FALSE,"T_UT","UT","Type II"
"EIF4E2",FALSE,,0.0405666666666667,154.004651566875,FALSE,"T_UT","UT","Type I"
"EPRS1",FALSE,,0.0388666666666667,337.126562194862,FALSE,"T_UT","UT","Type II"
"FLNB",FALSE,,0.0789,76.8357769774327,FALSE,"T_UT","UT","Type II"
"GAPDH",FALSE,,0.0098,2570.68510441783,FALSE,"T_UT","UT","Type II"
"GBP1",TRUE,0.185066666666667,0.185066666666667,135.73860067192,TRUE,"T_UT","UT","Type II"
"GBP3",FALSE,,0.109266666666667,76.035157144356,FALSE,"T_UT","UT","Type II"
"GBP4",FALSE,,0.100766666666667,130.040985044975,FALSE,"T_UT","UT","Type II"
"GBP5",FALSE,,0.1343,129.98997711697,FALSE,"T_UT","UT","Type II"
"GCH1",FALSE,,0.0358,93.791826069744,FALSE,"T_UT","UT","Type II"
"GIGYF2",FALSE,,0.0721666666666667,62.8871890033577,FALSE,"T_UT","UT","Type I"
"GSN",FALSE,,0.0304333333333334,680.041786711123,FALSE,"T_UT","UT","Type II"
"HCK",FALSE,,0.0438333333333334,220.238369515378,FALSE,"T_UT","UT","Type II"
"HDAC4",FALSE,,0.1175,4.60279768752604,FALSE,"T_UT","UT","Type I"
"IFIH1",FALSE,,0.0838666666666667,272.704864875307,FALSE,"T_UT","UT","Type I"
"IFIT1",FALSE,,0.1551,259.425544530418,FALSE,"T_UT","UT","Type I"
"IFITM2",TRUE,0.289466666666667,0.289466666666667,391.165015994835,TRUE,"T_UT","UT","Type I + II"
"IFITM3",FALSE,,0.0202666666666667,748.379677997123,FALSE,"T_UT","UT","Type I + II"
"IFNAR1",FALSE,,0.07,125.61875736686,FALSE,"T_UT","UT","Type I"
"IFNAR2",FALSE,,0.0925666666666667,594.412072642177,FALSE,"T_UT","UT","Type I"
"IFNGR1",FALSE,,0.0427333333333333,683.170573774841,FALSE,"T_UT","UT","Type II"
"IFNGR2",FALSE,,0.0277,1076.48680285498,FALSE,"T_UT","UT","Type II"
"IKBKE",FALSE,,0.0487333333333333,211.194660911455,FALSE,"T_UT","UT","Type I"
"IL12RB1",FALSE,,0.0744666666666667,26.3003151920636,FALSE,"T_UT","UT","Type II"
"IRAK1",FALSE,,0.017,521.850868711245,FALSE,"T_UT","UT","Type I"
"IRF1",FALSE,,0.0270666666666667,326.905634285552,FALSE,"T_UT","UT","Type II"
"IRF3",FALSE,,0.0668333333333333,101.875121110628,FALSE,"T_UT","UT","Type I"
"IRF7",FALSE,,0.0924333333333333,108.71629162036,FALSE,"T_UT","UT","Type I"
"IRF8",FALSE,,0.0342,185.101195161787,FALSE,"T_UT","UT","Type II"
"ISG15",FALSE,,9.9999999999989e-05,1147.03129587491,FALSE,"T_UT","UT","Type I"
"JAK1",FALSE,,0.0338,140.696026961661,FALSE,"T_UT","UT","Type I + II"
"JAK2",FALSE,,0.0499666666666667,98.3007010169667,FALSE,"T_UT","UT","Type II"
"KIF5B",FALSE,,0.0651333333333333,116.836817803372,FALSE,"T_UT","UT","Type II"
"KYNU",FALSE,,0.0422,1224.86999900199,FALSE,"T_UT","UT","Type II"
"LSM14A",FALSE,,0.0558333333333333,152.462560165951,FALSE,"T_UT","UT","Type I"
"MAVS",FALSE,,0.0282,12.777875774761,FALSE,"T_UT","UT","Type I"
"MED1",FALSE,,0.0861,40.734318148829,FALSE,"T_UT","UT","Type II"
"MEFV",FALSE,,0.0467333333333333,27.9165305714601,FALSE,"T_UT","UT","Type II"
"METTL3",FALSE,,0.0697,50.1190291526453,FALSE,"T_UT","UT","Type I"
"MUL1",FALSE,,0.00856666666666672,45.4429052058176,FALSE,"T_UT","UT","Type I"
"MX1",FALSE,,0.0828333333333333,558.075166548094,FALSE,"T_UT","UT","Type I"
"MYD88",FALSE,,0.034,163.590615069516,FALSE,"T_UT","UT","Type I"
"MYO1C",FALSE,,0.0548000000000001,20.7935437327489,FALSE,"T_UT","UT","Type II"
"NLRC5",FALSE,,0.0710666666666667,54.5444699026657,FALSE,"T_UT","UT","Type I + II"
"NOS2",FALSE,,0.0558666666666667,14.7923580699832,FALSE,"T_UT","UT","Type II"
"NR1H2",FALSE,,0.0492,57.4171510716231,FALSE,"T_UT","UT","Type II"
"NR1H3",FALSE,,0.0429333333333333,92.5800256271874,FALSE,"T_UT","UT","Type II"
"NUB1",FALSE,,0.0353666666666667,258.699860276512,FALSE,"T_UT","UT","Type II"
"OAS1",FALSE,,0.0585333333333333,311.001223582617,FALSE,"T_UT","UT","Type I"
"OAS2",FALSE,,0.0539,235.24536491668,FALSE,"T_UT","UT","Type I"
"OAS3",FALSE,,0.0719666666666666,380.753433732225,FALSE,"T_UT","UT","Type I"
"PARP14",FALSE,,0.0891666666666667,310.579522841174,FALSE,"T_UT","UT","Type II"
"PARP9",FALSE,,0.0895666666666667,171.377343735027,FALSE,"T_UT","UT","Type II"
"PDE12",FALSE,,0.0301333333333333,24.3790486008895,FALSE,"T_UT","UT","Type II"
"PPARG",FALSE,,0.1158,40.103781034835,FALSE,"T_UT","UT","Type II"
"PTPN1",FALSE,,0.0161666666666667,138.667601468236,FALSE,"T_UT","UT","Type I"
"PTPN11",FALSE,,0.0939,105.33024883632,FALSE,"T_UT","UT","Type I"
"PTPN2",FALSE,,0.0401333333333333,126.369805026344,FALSE,"T_UT","UT","Type I + II"
"PTPN6",FALSE,,0.0670333333333333,148.70569025083,FALSE,"T_UT","UT","Type I"
"RAB43",FALSE,,0.0598666666666667,85.291961238687,FALSE,"T_UT","UT","Type II"
"RAB7B",TRUE,0.1741,0.1741,714.648076169081,TRUE,"T_UT","UT","Type II"
"RAF1",FALSE,,0.0631666666666667,160.631209895888,FALSE,"T_UT","UT","Type II"
"RBM47",FALSE,,0.0731666666666667,42.9180723973314,FALSE,"T_UT","UT","Type I"
"RNF185",FALSE,,0.0388000000000001,37.9982572144464,FALSE,"T_UT","UT","Type I"
"SAMHD1",FALSE,,0.0592,481.661467385925,FALSE,"T_UT","UT","Type I"
"SETD2",FALSE,,0.0449666666666667,80.8944566573193,FALSE,"T_UT","UT","Type I"
"SHFL",TRUE,0.1562,0.1562,116.347442113845,FALSE,"T_UT","UT","Type I + II"
"SHMT2",FALSE,,0.0560666666666667,163.866405826201,FALSE,"T_UT","UT","Type I"
"SIN3A",FALSE,,0.0838333333333333,74.1968951707107,FALSE,"T_UT","UT","Type I"
"SIRPA",FALSE,,0.0336,299.661872818112,FALSE,"T_UT","UT","Type II"
"SLC11A1",FALSE,,0.138766666666667,58.9817201841738,FALSE,"T_UT","UT","Type II"
"SLC22A5",FALSE,,0.0816333333333333,7.19188856971736,FALSE,"T_UT","UT","Type II"
"SLC26A6",FALSE,,0.0696,60.720547139958,FALSE,"T_UT","UT","Type II"
"SMIM30",FALSE,,0.0316,61.780085420677,FALSE,"T_UT","UT","Type I"
"SMPD1",FALSE,,0.0329666666666666,108.347654947003,FALSE,"T_UT","UT","Type I"
"SP100",FALSE,,0.0492666666666667,261.123562004557,FALSE,"T_UT","UT","Type I + II"
"STAT1",FALSE,,0.118233333333333,327.587830783127,FALSE,"T_UT","UT","Type I + II"
"STAT2",FALSE,,0.0766,196.110493141521,FALSE,"T_UT","UT","Type I"
"STING1",FALSE,,0.0967333333333333,51.9447113323499,FALSE,"T_UT","UT","Type I"
"STX4",FALSE,,0.0447666666666667,220.788132249369,FALSE,"T_UT","UT","Type II"
"STX8",FALSE,,0.100233333333333,22.3297322340783,FALSE,"T_UT","UT","Type II"
"STXBP1",FALSE,,0.0725333333333333,14.4974740491732,FALSE,"T_UT","UT","Type II"
"STXBP3",FALSE,,0.0523333333333333,122.587649673534,FALSE,"T_UT","UT","Type II"
"STXBP4",FALSE,,0.1439,2.14780628374913,FALSE,"T_UT","UT","Type II"
"TANK",FALSE,,0.0744666666666667,243.500641747119,FALSE,"T_UT","UT","Type I"
"TBK1",FALSE,,0.0258333333333333,131.057241642486,FALSE,"T_UT","UT","Type I"
"TBKBP1",FALSE,,0.0664333333333333,18.1654726424662,FALSE,"T_UT","UT","Type I"
"TLR2",FALSE,,0.0310666666666667,277.90742383309,FALSE,"T_UT","UT","Type II"
"TLR4",FALSE,,0.0584666666666667,46.9476821665913,FALSE,"T_UT","UT","Type II"
"TNF",FALSE,,0.0546,173.807231470433,FALSE,"T_UT","UT","Type II"
"TP53",FALSE,,0.0763333333333333,7.18734036062601,FALSE,"T_UT","UT","Type II"
"TRAF3",FALSE,,0.0601,78.2882211090861,FALSE,"T_UT","UT","Type I"
"TRIM21",FALSE,,0.0536333333333333,148.175964228142,FALSE,"T_UT","UT","Type II"
"TRIM41",FALSE,,0.049,43.64404008438,FALSE,"T_UT","UT","Type I"
"TRIM56",FALSE,,0.0452,31.5984889605893,FALSE,"T_UT","UT","Type I"
"TRIM6",FALSE,,0.0663666666666667,18.7279247659632,FALSE,"T_UT","UT","Type I"
"TRIM65",FALSE,,0.0879,21.3771117410794,FALSE,"T_UT","UT","Type I"
"TTLL12",FALSE,,0.0257333333333333,67.965119736753,FALSE,"T_UT","UT","Type I"
"TYK2",FALSE,,0.0377666666666666,544.542496798173,FALSE,"T_UT","UT","Type I + II"
"UBE2K",FALSE,,0.048,123.363355133516,FALSE,"T_UT","UT","Type I"
"USP18",TRUE,0.165566666666667,0.165566666666667,152.059860370015,TRUE,"T_UT","UT","Type I"
"VAMP3",FALSE,,0.0308666666666667,61.5058511141362,FALSE,"T_UT","UT","Type II"
"VIM",FALSE,,0.0236666666666667,2423.91213366231,FALSE,"T_UT","UT","Type II"
"VPS26B",FALSE,,0.0598000000000001,36.1797326535155,FALSE,"T_UT","UT","Type II"
"WAS",FALSE,,0.00656666666666667,116.350714386852,FALSE,"T_UT","UT","Type II"
"WNT5A",FALSE,,0.0636666666666666,11.2846880331836,FALSE,"T_UT","UT","Type I + II"
"YTHDF2",FALSE,,0.0351666666666667,164.093892351388,FALSE,"T_UT","UT","Type I"
"YTHDF3",FALSE,,0.0357666666666667,103.331978147374,FALSE,"T_UT","UT","Type I"
"ZYX",FALSE,,0.0230333333333333,1726.05856814891,FALSE,"T_UT","UT","Type II"
