"rank","gene_name","dif_rank","lfc_rank","visibility","called_in","annotation_robust","cross_genotype_support","dif_anchor","dif_reannot","dif_cross","lfc_anchor","lfc_reannot","expr_anchor","n_iso_anchor","switches_anchor","switches_reannot","testable_reannot","switches_cross","testable_cross"
1,"NCOA7",0.652166666666667,2.8595842321317,"also changes expression","both annotations",TRUE,"also switches in H_HT",0.652166666666667,0.6734,0.522466666666667,2.8595842321317,2.73358754587748,122.357653873695,3,TRUE,TRUE,TRUE,TRUE,TRUE
2,"RBKS",0.4654,1.25876240658951,"also changes expression","both annotations",TRUE,"tested in H_HT, not switching",0.4654,0.4408,,1.25876240658951,1.31744325860813,15.3329232469518,2,TRUE,TRUE,TRUE,FALSE,TRUE
3,"THAP2",0.438533333333333,0.355440087699015,"also changes expression","both annotations",TRUE,"not testable in H_HT",0.438533333333333,0.4244,,0.355440087699015,0.496141036181169,25.0730428659719,1,TRUE,TRUE,TRUE,FALSE,FALSE
4,"LINC02611",0.4042,-1.36270389767151,"also changes expression","T_UT only",FALSE,"not testable in H_HT",,0.4042,,-1.39564022161947,-1.36270389767151,,,FALSE,TRUE,TRUE,FALSE,FALSE
5,"RSAD2",0.3671,4.24416023962852,"also changes expression","both annotations",TRUE,"also switches in H_HT",0.3671,0.3374,0.163033333333333,4.24416023962852,4.53374878874756,66.6054758078063,3,TRUE,TRUE,TRUE,TRUE,TRUE
6,"CCL22",0.356333333333333,3.62953281418075,"also changes expression","T_UT only",FALSE,"tested in H_HT, not switching",,0.356333333333333,,3.50818274236919,3.62953281418075,,,FALSE,TRUE,TRUE,FALSE,TRUE
7,"CD86",0.3443,0.0910286280408065,"cryptic (DE would miss it)","both annotations",TRUE,"tested in H_HT, not switching",0.3443,0.435666666666667,,0.0910286280408065,0.726185481501296,16.0998409667209,1,TRUE,TRUE,TRUE,FALSE,TRUE
8,"MREG",0.318433333333333,0.533385294166751,"also changes expression","both annotations",TRUE,"not testable in H_HT",0.318433333333333,0.332966666666667,,0.533385294166751,0.690901471652284,14.8840041020161,2,TRUE,TRUE,TRUE,FALSE,FALSE
9,"KDM6B",0.304066666666667,2.73065119752415,"also changes expression","both annotations",TRUE,"tested in H_HT, not switching",0.304066666666667,0.303933333333333,,2.73065119752415,2.8311712935798,88.1606526246569,2,TRUE,TRUE,TRUE,FALSE,TRUE
10,"RUBCN",0.294733333333333,1.11659050872553,"also changes expression","T_HT only",FALSE,"tested in H_HT, not switching",0.294733333333333,,,1.11659050872553,1.21543565555542,22.5190214825669,1,TRUE,FALSE,TRUE,FALSE,TRUE
11,"KITLG",0.294333333333333,0.718309719788152,"also changes expression","both annotations",TRUE,"tested in H_HT, not switching",0.294333333333333,0.2996,,0.718309719788152,0.810983248249507,15.1898793806093,1,TRUE,TRUE,TRUE,FALSE,TRUE
12,"IPCEF1",0.289966666666667,0.141021882397063,"cryptic (DE would miss it)","both annotations",TRUE,"tested in H_HT, not switching",0.289966666666667,0.275,,0.141021882397063,0.205414797066233,43.666486586311,5,TRUE,TRUE,TRUE,FALSE,TRUE
13,"IFITM2",0.289,0.766740329782652,"also changes expression","both annotations",TRUE,"also switches in H_HT",0.289,0.289466666666667,0.363,0.766740329782652,0.84476558181026,289.00121263262,1,TRUE,TRUE,TRUE,TRUE,TRUE
14,"DDX58",0.281966666666667,3.42232030748969,"also changes expression","both annotations",TRUE,"tested in H_HT, not switching",0.281966666666667,0.2854,,3.42232030748969,3.52232001184953,181.345004567139,3,TRUE,TRUE,TRUE,FALSE,TRUE
15,"GFPT2",0.279833333333333,3.37299660340929,"also changes expression","T_UT only",FALSE,"not testable in H_HT",,0.279833333333333,,,3.37299660340929,,,FALSE,TRUE,TRUE,FALSE,FALSE
16,"TFPI2",0.2711,3.91705336589542,"also changes expression","T_UT only",FALSE,"tested in H_HT, not switching",,0.2711,,3.8275582048946,3.91705336589542,,,FALSE,TRUE,TRUE,FALSE,TRUE
17,"IFIT1",0.2691,5.61003897402019,"also changes expression","T_HT only",FALSE,"tested in H_HT, not switching",0.2691,,,5.61003897402019,6.43161515626024,203.286040350745,2,TRUE,FALSE,TRUE,FALSE,TRUE
18,"TIMP3",0.269066666666667,-0.363131326181361,"also changes expression","T_UT only",FALSE,"not testable in H_HT",,0.269066666666667,,-0.611114032707051,-0.363131326181361,,,FALSE,TRUE,TRUE,FALSE,FALSE
19,"TMEM234",0.2684,-0.147222634083231,"cryptic (DE would miss it)","T_HT only",FALSE,"also switches in H_HT",0.2684,,0.2981,-0.147222634083231,-0.116632631183529,17.6057549304934,1,TRUE,FALSE,TRUE,TRUE,TRUE
20,"ALKBH3",0.2671,-0.135609969135339,"cryptic (DE would miss it)","T_HT only",FALSE,"tested in H_HT, not switching",0.2671,,,-0.135609969135339,-0.514644368554453,37.208623687885,1,TRUE,FALSE,TRUE,FALSE,TRUE
21,"IL23A",0.2664,4.42690634033566,"also changes expression","both annotations",TRUE,"tested in H_HT, not switching",0.2664,0.313633333333333,,4.42690634033566,4.50952775792314,190.418837787326,2,TRUE,TRUE,TRUE,FALSE,TRUE
22,"MRPL39",0.2652,-0.49200877137184,"also changes expression","T_UT only",FALSE,"tested in H_HT, not switching",,0.2652,,-0.547637468290885,-0.49200877137184,,,FALSE,TRUE,TRUE,FALSE,TRUE
23,"RGS19",0.262466666666667,-1.62852369414491,"also changes expression","both annotations",TRUE,"tested in H_HT, not switching",0.262466666666667,0.2572,,-1.62852369414491,-1.57215771099124,56.8054923966197,1,TRUE,TRUE,TRUE,FALSE,TRUE
24,"PLA2G7",0.255733333333333,0.477436813407046,"also changes expression","T_HT only",FALSE,"tested in H_HT, not switching",0.255733333333333,,,0.477436813407046,0.746428773270466,20.3112547163777,1,TRUE,FALSE,TRUE,FALSE,TRUE
25,"PHLDA3",0.251133333333333,-0.197386836835016,"cryptic (DE would miss it)","T_HT only",FALSE,"tested in H_HT, not switching",0.251133333333333,,,-0.197386836835016,0.254108616999275,84.4276988306364,1,TRUE,FALSE,TRUE,FALSE,TRUE
26,"AMN1",0.250666666666667,-0.51562746693709,"also changes expression","T_UT only",FALSE,"not testable in H_HT",,0.250666666666667,,,-0.51562746693709,,,FALSE,TRUE,TRUE,FALSE,FALSE
27,"RIN3",0.2494,0.61460392491119,"also changes expression","both annotations",TRUE,"tested in H_HT, not switching",0.2494,0.261433333333333,,0.61460392491119,0.695455414531522,60.3034549735492,2,TRUE,TRUE,TRUE,FALSE,TRUE
28,"TMEM52B",0.248333333333333,0.39759431697801,"also changes expression","T_UT only",FALSE,"not testable in H_HT",,0.248333333333333,,0.0874500011927467,0.39759431697801,,,FALSE,TRUE,TRUE,FALSE,FALSE
29,"TMEM63B",0.2477,0.863113376543324,"also changes expression","both annotations",TRUE,"tested in H_HT, not switching",0.2477,0.2444,,0.863113376543324,0.946962749877352,62.4893875535031,2,TRUE,TRUE,TRUE,FALSE,TRUE
30,"ARHGAP26",0.246866666666667,0.410883104369707,"also changes expression","both annotations",TRUE,"tested in H_HT, not switching",0.246866666666667,0.2461,,0.410883104369707,0.507676687818973,49.7264019585602,1,TRUE,TRUE,TRUE,FALSE,TRUE
31,"TXNL4B",0.246633333333333,0.287376737069497,"also changes expression","T_UT only",FALSE,"tested in H_HT, not switching",,0.246633333333333,,-0.131905199774778,0.287376737069497,,,FALSE,TRUE,TRUE,FALSE,TRUE
32,"LCMT1",0.242266666666667,-0.333667764180694,"also changes expression","T_HT only",FALSE,"tested in H_HT, not switching",0.242266666666667,,,-0.333667764180694,-0.246794758762662,29.9127665367723,1,TRUE,FALSE,TRUE,FALSE,TRUE
33,"GBP1",0.239266666666667,2.11823236817367,"also changes expression","both annotations",TRUE,"tested in H_HT, not switching",0.239266666666667,0.185066666666667,,2.11823236817367,2.18237454465392,99.948790389714,1,TRUE,TRUE,TRUE,FALSE,TRUE
34,"IRAK3",0.238166666666667,-0.0774197549616504,"cryptic (DE would miss it)","T_UT only",FALSE,"not testable in H_HT",,0.238166666666667,,,-0.0774197549616504,,,FALSE,TRUE,TRUE,FALSE,FALSE
35,"POGLUT1",0.237233333333333,1.61930779306895,"also changes expression","T_UT only",FALSE,"not testable in H_HT",,0.237233333333333,,1.46433741653863,1.61930779306895,,,FALSE,TRUE,TRUE,FALSE,FALSE
36,"LINC00278",0.235,-0.569237004645487,"also changes expression","both annotations",TRUE,"not testable in H_HT",0.235,0.241566666666667,,-0.569237004645487,-0.607894884381015,12.5078127805088,1,TRUE,TRUE,TRUE,FALSE,FALSE
37,"CCL3",0.234666666666667,4.55786289889207,"also changes expression","both annotations",TRUE,"tested in H_HT, not switching",0.234666666666667,0.235966666666667,,4.55786289889207,4.64815398465184,5413.64924643446,2,TRUE,TRUE,TRUE,FALSE,TRUE
38,"CCDC117",0.233266666666667,0.0511285753983946,"cryptic (DE would miss it)","T_HT only",FALSE,"tested in H_HT, not switching",0.233266666666667,,,0.0511285753983946,0.102679021615235,17.4346043281078,1,TRUE,FALSE,TRUE,FALSE,TRUE
39,"PRKACB",0.2291,-0.768530361194864,"also changes expression","T_UT only",FALSE,"tested in H_HT, not switching",,0.2291,,,-0.768530361194864,,,FALSE,TRUE,TRUE,FALSE,TRUE
40,"HESX1",0.226833333333333,2.37526036689495,"also changes expression","T_UT only",FALSE,"not testable in H_HT",,0.226833333333333,,,2.37526036689495,,,FALSE,TRUE,TRUE,FALSE,FALSE
41,"COG4",0.2253,-0.407575763660233,"also changes expression","T_HT only",FALSE,"tested in H_HT, not switching",0.2253,,,-0.407575763660233,-0.474483926322552,47.2378826940962,1,TRUE,FALSE,TRUE,FALSE,TRUE
42,"RASSF1",0.222966666666667,-0.75915686387302,"also changes expression","T_HT only",FALSE,"tested in H_HT, not switching",0.222966666666667,,,-0.75915686387302,-0.707557419980728,25.8399032275865,1,TRUE,FALSE,TRUE,FALSE,TRUE
43,"PLD6",0.2215,0.168862378485861,"cryptic (DE would miss it)","both annotations",TRUE,"tested in H_HT, not switching",0.2215,0.221833333333333,,0.168862378485861,0.245704248710331,23.0457351917712,2,TRUE,TRUE,TRUE,FALSE,TRUE
44,"PITPNC1",0.221233333333333,-0.503761396648691,"also changes expression","T_HT only",FALSE,"tested in H_HT, not switching",0.221233333333333,,,-0.503761396648691,-0.474620802062661,13.5460128935292,2,TRUE,FALSE,TRUE,FALSE,TRUE
45,"CTTNBP2NL",0.221033333333333,-0.117525407825791,"cryptic (DE would miss it)","both annotations",TRUE,"tested in H_HT, not switching",0.221033333333333,0.194233333333333,,-0.117525407825791,-0.0734414309055654,14.466461662933,1,TRUE,TRUE,TRUE,FALSE,TRUE
46,"MRPL42",0.2198,0.367237676623401,"also changes expression","T_UT only",FALSE,"tested in H_HT, not switching",,0.2198,,0.176342952731514,0.367237676623401,,,FALSE,TRUE,TRUE,FALSE,TRUE
47,"LIG1",0.218666666666667,-0.194647255048949,"cryptic (DE would miss it)","T_UT only",FALSE,"tested in H_HT, not switching",,0.218666666666667,,-0.239789767400425,-0.194647255048949,,,FALSE,TRUE,TRUE,FALSE,TRUE
48,"SAMD14",0.217633333333333,0.0747753087273765,"cryptic (DE would miss it)","T_UT only",FALSE,"not testable in H_HT",,0.217633333333333,,,0.0747753087273765,,,FALSE,TRUE,TRUE,FALSE,FALSE
49,"KATNA1",0.214433333333333,-0.226387541621089,"cryptic (DE would miss it)","T_HT only",FALSE,"tested in H_HT, not switching",0.214433333333333,,,-0.226387541621089,-0.0467721438084592,33.7580375197563,1,TRUE,FALSE,TRUE,FALSE,TRUE
50,"TMEM14A",0.213633333333333,0.43530931191623,"also changes expression","T_UT only",FALSE,"not testable in H_HT",,0.213633333333333,,-0.188683366967822,0.43530931191623,,,FALSE,TRUE,TRUE,FALSE,FALSE
51,"HS1BP3",0.211666666666667,-1.05828606874175,"also changes expression","T_UT only",FALSE,"not testable in H_HT",,0.211666666666667,,-1.16475998811064,-1.05828606874175,,,FALSE,TRUE,TRUE,FALSE,FALSE
52,"TBC1D12",0.2096,0.557059834210823,"also changes expression","T_UT only",FALSE,"not testable in H_HT",,0.2096,,,0.557059834210823,,,FALSE,TRUE,TRUE,FALSE,FALSE
53,"JDP2",0.2092,0.432024577604786,"also changes expression","both annotations",TRUE,"tested in H_HT, not switching",0.2092,0.2357,,0.432024577604786,0.430635222176813,109.179872998101,2,TRUE,TRUE,TRUE,FALSE,TRUE
54,"ATRN",0.207866666666667,-0.200120867767839,"cryptic (DE would miss it)","both annotations",TRUE,"not testable in H_HT",0.207866666666667,0.207866666666667,,-0.200120867767839,-0.135708691078085,13.904928740681,2,TRUE,TRUE,TRUE,FALSE,FALSE
55,"ZC3HAV1",0.207366666666667,3.20102280608979,"also changes expression","both annotations",TRUE,"tested in H_HT, not switching",0.207366666666667,0.202066666666667,,3.20102280608979,3.29332062746051,198.611553368056,1,TRUE,TRUE,TRUE,FALSE,TRUE
56,"NEMP1",0.2042,1.20867527044782,"also changes expression","both annotations",TRUE,"tested in H_HT, not switching",0.2042,0.235066666666667,,1.20867527044782,1.28254531063296,125.834162252827,1,TRUE,TRUE,TRUE,FALSE,TRUE
57,"ZP3",0.2027,0.843691395751327,"also changes expression","both annotations",TRUE,"also switches in H_HT",0.2027,0.228166666666667,0.300633333333333,0.843691395751327,0.957188310274281,19.88036739763,1,TRUE,TRUE,TRUE,TRUE,TRUE
58,"SNX10",0.201366666666667,-1.05231951005105,"also changes expression","T_UT only",FALSE,"tested in H_HT, not switching",,0.201366666666667,,-1.11679587590367,-1.05231951005105,,,FALSE,TRUE,TRUE,FALSE,TRUE
59,"ELMOD2",0.1997,-0.517103105997189,"also changes expression","T_UT only",FALSE,"tested in H_HT, not switching",,0.1997,,,-0.517103105997189,,,FALSE,TRUE,TRUE,FALSE,TRUE
60,"TMIGD3",0.193933333333333,-1.40333514857881,"also changes expression","both annotations",TRUE,"not testable in H_HT",0.193933333333333,0.1529,,-1.40333514857881,-0.927864858404158,20.4040150233382,1,TRUE,TRUE,TRUE,FALSE,FALSE
61,"TRIM22",0.1938,3.0562101614902,"also changes expression","T_HT only",FALSE,"tested in H_HT, not switching",0.1938,,,3.0562101614902,3.01835730841545,45.2648899763089,1,TRUE,FALSE,TRUE,FALSE,TRUE
62,"NME7",0.1929,-0.294101827536992,"also changes expression","T_HT only",FALSE,"not testable in H_HT",0.1929,,,-0.294101827536992,-0.27826659534084,13.5807717689682,1,TRUE,FALSE,TRUE,FALSE,FALSE
63,"TMEM170B",0.1927,-1.17674337524849,"also changes expression","both annotations",TRUE,"not testable in H_HT",0.1927,0.208566666666667,,-1.17674337524849,-1.13179374947513,15.516069736843,2,TRUE,TRUE,TRUE,FALSE,FALSE
64,"MYZAP",0.192266666666667,-0.565306410532078,"also changes expression","T_UT only",FALSE,"tested in H_HT, not switching",,0.192266666666667,,-0.610161601789207,-0.565306410532078,,,FALSE,TRUE,TRUE,FALSE,TRUE
65,"FAM53B",0.189566666666667,-0.717647349439007,"also changes expression","both annotations",TRUE,"tested in H_HT, not switching",0.189566666666667,0.192366666666667,,-0.717647349439007,-0.649704398728762,15.62033415582,1,TRUE,TRUE,TRUE,FALSE,TRUE
66,"CCL4",0.188466666666667,4.05589584494338,"also changes expression","both annotations",TRUE,"tested in H_HT, not switching",0.188466666666667,0.188233333333333,,4.05589584494338,4.13490594916708,10684.147663363,2,TRUE,TRUE,TRUE,FALSE,TRUE
67,"TMEM218",0.1882,0.265925040743598,"also changes expression","T_UT only",FALSE,"tested in H_HT, not switching",,0.1882,,0.234968777216818,0.265925040743598,,,FALSE,TRUE,TRUE,FALSE,TRUE
68,"RNASEH1",0.1878,-0.176346372410361,"cryptic (DE would miss it)","T_HT only",FALSE,"tested in H_HT, not switching",0.1878,,,-0.176346372410361,0.444604966075573,38.919063406393,2,TRUE,FALSE,TRUE,FALSE,TRUE
69,"SPRING1",0.187766666666667,0.00488597836834782,"cryptic (DE would miss it)","T_UT only",FALSE,"not testable in H_HT",,0.187766666666667,,-0.257802608403672,0.00488597836834782,,,FALSE,TRUE,TRUE,FALSE,FALSE
70,"DGKA",0.186933333333333,-0.551375351786825,"also changes expression","T_UT only",FALSE,"tested in H_HT, not switching",,0.186933333333333,,,-0.551375351786825,,,FALSE,TRUE,TRUE,FALSE,TRUE
71,"SAP130",0.186566666666667,-0.370961950194572,"also changes expression","T_UT only",FALSE,"tested in H_HT, not switching",,0.186566666666667,,-0.427838872555889,-0.370961950194572,,,FALSE,TRUE,TRUE,FALSE,TRUE
72,"OSBPL7",0.185966666666667,-0.661871107828824,"also changes expression","T_UT only",FALSE,"not testable in H_HT",,0.185966666666667,,,-0.661871107828824,,,FALSE,TRUE,TRUE,FALSE,FALSE
73,"MOSMO",0.185433333333333,0.39810273838052,"also changes expression","T_UT only",FALSE,"not testable in H_HT",,0.185433333333333,,,0.39810273838052,,,FALSE,TRUE,TRUE,FALSE,FALSE
74,"HERPUD2-AS1",0.1844,-0.692920909303143,"also changes expression","T_UT only",FALSE,"not testable in H_HT",,0.1844,,,-0.692920909303143,,,FALSE,TRUE,TRUE,FALSE,FALSE
75,"UCHL3",0.184,0.0681357130726093,"cryptic (DE would miss it)","T_HT only",FALSE,"tested in H_HT, not switching",0.184,,,0.0681357130726093,0.080253504400064,74.48081467994,1,TRUE,FALSE,TRUE,FALSE,TRUE
76,"CLN8",0.183166666666667,-0.4101053917067,"also changes expression","both annotations",TRUE,"tested in H_HT, not switching",0.183166666666667,0.1598,,-0.4101053917067,-0.39905669459053,23.1786920052907,1,TRUE,TRUE,TRUE,FALSE,TRUE
77,"PTGFRN",0.183033333333333,-0.833931309508538,"also changes expression","T_UT only",FALSE,"not testable in H_HT",,0.183033333333333,,,-0.833931309508538,,,FALSE,TRUE,TRUE,FALSE,FALSE
78,"SLC35A5",0.1824,-0.387969223894525,"also changes expression","T_UT only",FALSE,"tested in H_HT, not switching",,0.1824,,,-0.387969223894525,,,FALSE,TRUE,TRUE,FALSE,TRUE
79,"SP1",0.182066666666667,-0.293397801518844,"also changes expression","both annotations",TRUE,"tested in H_HT, not switching",0.182066666666667,0.184133333333333,,-0.293397801518844,-0.223175155409929,38.1019670551963,1,TRUE,TRUE,TRUE,FALSE,TRUE
80,"RIN2",0.180766666666667,1.40515586184822,"also changes expression","T_UT only",FALSE,"tested in H_HT, not switching",,0.180766666666667,,,1.40515586184822,,,FALSE,TRUE,TRUE,FALSE,TRUE
81,"TTC9C",0.179033333333333,-1.01816666371802,"also changes expression","T_UT only",FALSE,"tested in H_HT, not switching",,0.179033333333333,,-1.06088828629785,-1.01816666371802,,,FALSE,TRUE,TRUE,FALSE,TRUE
82,"SHFL",0.178666666666667,0.953067598454515,"also changes expression","both annotations",TRUE,"tested in H_HT, not switching",0.178666666666667,0.1562,,0.953067598454515,1.040127595598,76.1123797295843,1,TRUE,TRUE,TRUE,FALSE,TRUE
83,"PRKAR1B",0.177733333333333,0.0679369086239362,"cryptic (DE would miss it)","T_HT only",FALSE,"not testable in H_HT",0.177733333333333,,,0.0679369086239362,0.154602446106027,15.7106899690687,1,TRUE,FALSE,TRUE,FALSE,FALSE
84,"RASAL2",0.1772,-0.967824637944924,"also changes expression","both annotations",TRUE,"tested in H_HT, not switching",0.1772,0.1658,,-0.967824637944924,-0.9193964546084,25.4327347722266,1,TRUE,TRUE,TRUE,FALSE,TRUE
85,"CLEC4G",0.177166666666667,-0.730281881599008,"also changes expression","both annotations",TRUE,"tested in H_HT, not switching",0.177166666666667,0.160266666666667,,-0.730281881599008,-0.67650051565926,23.1671073513533,1,TRUE,TRUE,TRUE,FALSE,TRUE
86,"PYM1",0.177133333333333,-0.543012534511304,"also changes expression","both annotations",TRUE,"tested in H_HT, not switching",0.177133333333333,0.1764,,-0.543012534511304,-0.469747142346416,37.7258527563531,1,TRUE,TRUE,TRUE,FALSE,TRUE
87,"TEX30",0.176833333333333,0.00688320551992881,"cryptic (DE would miss it)","T_HT only",FALSE,"not testable in H_HT",0.176833333333333,,,0.00688320551992881,0.0251979149819944,24.5527384934358,1,TRUE,FALSE,TRUE,FALSE,FALSE
88,"UTS2",0.176833333333333,1.35717816541991,"also changes expression","T_UT only",FALSE,"not testable in H_HT",,0.176833333333333,,-0.374995854990219,1.35717816541991,,,FALSE,TRUE,TRUE,FALSE,FALSE
89,"SPHK1",0.1766,1.18151511429818,"also changes expression","T_HT only",FALSE,"tested in H_HT, not switching",0.1766,,,1.18151511429818,1.28548569243664,68.1268554464057,2,TRUE,FALSE,TRUE,FALSE,TRUE
90,"CHST15",0.1762,-0.507152081140711,"also changes expression","T_UT only",FALSE,"tested in H_HT, not switching",,0.1762,,-0.53272984714871,-0.507152081140711,,,FALSE,TRUE,TRUE,FALSE,TRUE
91,"IFIT3",0.176166666666667,5.85950838976143,"also changes expression","T_HT only",FALSE,"tested in H_HT, not switching",0.176166666666667,,,5.85950838976143,6.04987815473611,287.306852410577,2,TRUE,FALSE,TRUE,FALSE,TRUE
92,"HELZ",0.1757,0.259491820808759,"also changes expression","T_HT only",FALSE,"tested in H_HT, not switching",0.1757,,,0.259491820808759,0.35221282242508,13.8018041271788,1,TRUE,FALSE,TRUE,FALSE,TRUE
93,"MMS22L",0.175433333333333,-0.391204309538214,"also changes expression","T_UT only",FALSE,"not testable in H_HT",,0.175433333333333,,,-0.391204309538214,,,FALSE,TRUE,TRUE,FALSE,FALSE
94,"CBWD3",0.175133333333333,0.164777128518921,"cryptic (DE would miss it)","T_HT only",FALSE,"tested in H_HT, not switching",0.175133333333333,,,0.164777128518921,0.258657676557862,19.1191132039153,1,TRUE,FALSE,TRUE,FALSE,TRUE
95,"MEIKIN",0.175133333333333,-0.661692247229186,"also changes expression","T_UT only",FALSE,"tested in H_HT, not switching",,0.175133333333333,,,-0.661692247229186,,,FALSE,TRUE,TRUE,FALSE,TRUE
96,"ACP3",0.1734,-0.152352129126635,"cryptic (DE would miss it)","both annotations",TRUE,"not testable in H_HT",0.1734,0.1536,,-0.152352129126635,-0.0942281405673972,152.434607472488,1,TRUE,TRUE,TRUE,FALSE,FALSE
97,"ALOX5",0.172233333333333,-1.09078030716755,"also changes expression","T_UT only",FALSE,"tested in H_HT, not switching",,0.172233333333333,,-1.05351943378654,-1.09078030716755,,,FALSE,TRUE,TRUE,FALSE,TRUE
98,"MGAT4A",0.171233333333333,-1.70743927969649,"also changes expression","T_UT only",FALSE,"tested in H_HT, not switching",,0.171233333333333,,-1.63461136917038,-1.70743927969649,,,FALSE,TRUE,TRUE,FALSE,TRUE
99,"EVI2B",0.1712,-1.87489901854276,"also changes expression","both annotations",TRUE,"tested in H_HT, not switching",0.1712,0.153266666666667,,-1.87489901854276,-1.76287317655178,119.273113913935,1,TRUE,TRUE,TRUE,FALSE,TRUE
100,"SOX5",0.170966666666667,0.943508114638087,"also changes expression","T_UT only",FALSE,"not testable in H_HT",,0.170966666666667,,,0.943508114638087,,,FALSE,TRUE,TRUE,FALSE,FALSE
101,"DCUN1D4",0.1706,0.214604991187694,"cryptic (DE would miss it)","T_UT only",FALSE,"not testable in H_HT",,0.1706,,0.170585875023434,0.214604991187694,,,FALSE,TRUE,TRUE,FALSE,FALSE
102,"WDR33",0.170533333333333,0.0606222138406542,"cryptic (DE would miss it)","T_HT only",FALSE,"tested in H_HT, not switching",0.170533333333333,,,0.0606222138406542,0.350295400185611,28.1318912851854,1,TRUE,FALSE,TRUE,FALSE,TRUE
103,"MPZL1",0.1692,1.28464788998851,"also changes expression","T_HT only",FALSE,"tested in H_HT, not switching",0.1692,,,1.28464788998851,1.42166317745595,33.4922363833493,1,TRUE,FALSE,TRUE,FALSE,TRUE
104,"ZNF674-AS1",0.169133333333333,2.02372074222655,"also changes expression","T_UT only",FALSE,"not testable in H_HT",,0.169133333333333,,1.94346977085898,2.02372074222655,,,FALSE,TRUE,TRUE,FALSE,FALSE
105,"RTN4RL2",0.168633333333333,0.263749247690554,"also changes expression","T_UT only",FALSE,"not testable in H_HT",,0.168633333333333,,,0.263749247690554,,,FALSE,TRUE,TRUE,FALSE,FALSE
106,"ZNF521",0.1685,-0.885812907358286,"also changes expression","T_HT only",FALSE,"not testable in H_HT",0.1685,,,-0.885812907358286,-1.01051137816348,17.2999802000866,1,TRUE,FALSE,TRUE,FALSE,FALSE
107,"LGALS8",0.168433333333333,0.290563783459289,"also changes expression","T_UT only",FALSE,"tested in H_HT, not switching",,0.168433333333333,,0.0929046499824308,0.290563783459289,,,FALSE,TRUE,TRUE,FALSE,TRUE
108,"SEC14L2",0.1682,0.749984615491914,"also changes expression","T_UT only",FALSE,"tested in H_HT, not switching",,0.1682,,0.612099432852754,0.749984615491914,,,FALSE,TRUE,TRUE,FALSE,TRUE
109,"BCL7B",0.168033333333333,-0.378513224604247,"also changes expression","T_UT only",FALSE,"tested in H_HT, not switching",,0.168033333333333,,-0.44791609790442,-0.378513224604247,,,FALSE,TRUE,TRUE,FALSE,TRUE
110,"MERTK",0.167566666666667,-2.73851351784741,"also changes expression","both annotations",TRUE,"also switches in H_HT",0.167566666666667,0.172866666666667,0.263466666666667,-2.73851351784741,-2.75059088514714,46.4078068995812,1,TRUE,TRUE,TRUE,TRUE,TRUE
111,"ST3GAL6",0.166866666666667,-0.353914670862358,"also changes expression","T_HT only",FALSE,"tested in H_HT, not switching",0.166866666666667,,,-0.353914670862358,-0.304782420880464,26.4617331044754,1,TRUE,FALSE,TRUE,FALSE,TRUE
112,"GTF3C6",0.166866666666667,0.182198259278513,"cryptic (DE would miss it)","T_HT only",FALSE,"tested in H_HT, not switching",0.166866666666667,,,0.182198259278513,0.285017221051725,280.838963311512,2,TRUE,FALSE,TRUE,FALSE,TRUE
113,"TTC38",0.166766666666667,0.756045782340017,"also changes expression","both annotations",TRUE,"tested in H_HT, not switching",0.166766666666667,0.164733333333333,,0.756045782340017,0.843077495264668,18.3208633521362,1,TRUE,TRUE,TRUE,FALSE,TRUE
114,"SYNJ2",0.1659,0.499138532811036,"also changes expression","both annotations",TRUE,"tested in H_HT, not switching",0.1659,0.180266666666667,,0.499138532811036,0.633983014866274,44.6208021777951,1,TRUE,TRUE,TRUE,FALSE,TRUE
115,"SORT1",0.165833333333333,-0.0740701365595194,"cryptic (DE would miss it)","T_UT only",FALSE,"tested in H_HT, not switching",,0.165833333333333,,-0.228005766083355,-0.0740701365595194,,,FALSE,TRUE,TRUE,FALSE,TRUE
116,"PALM2AKAP2",0.165433333333333,2.81693455635452,"also changes expression","T_HT only",FALSE,"tested in H_HT, not switching",0.165433333333333,,,2.81693455635452,2.94920998339467,66.1675448443691,1,TRUE,FALSE,TRUE,FALSE,TRUE
117,"C5orf51",0.164933333333333,-0.193405681207888,"cryptic (DE would miss it)","T_HT only",FALSE,"tested in H_HT, not switching",0.164933333333333,,,-0.193405681207888,0.298557676418079,29.9453802596217,1,TRUE,FALSE,TRUE,FALSE,TRUE
118,"PCSK7",0.164566666666667,-0.100728027433389,"cryptic (DE would miss it)","both annotations",TRUE,"tested in H_HT, not switching",0.164566666666667,0.1571,,-0.100728027433389,-0.0238136588460152,33.9368763709317,1,TRUE,TRUE,TRUE,FALSE,TRUE
119,"SLC6A8",0.164566666666667,0.327093525660864,"also changes expression","T_HT only",FALSE,"tested in H_HT, not switching",0.164566666666667,,,0.327093525660864,0.47727109089779,32.3475176668324,2,TRUE,FALSE,TRUE,FALSE,TRUE
120,"USP18",0.164,3.96258768609617,"also changes expression","both annotations",TRUE,"also switches in H_HT",0.164,0.165566666666667,0.173066666666667,3.96258768609617,4.06879049162898,110.244478678528,1,TRUE,TRUE,TRUE,TRUE,TRUE
121,"BPNT2",0.163866666666667,0.445263357034105,"also changes expression","T_UT only",FALSE,"not testable in H_HT",,0.163866666666667,,0.169531490816911,0.445263357034105,,,FALSE,TRUE,TRUE,FALSE,FALSE
122,"HLA-DMB",0.1637,-0.336604886486514,"also changes expression","both annotations",TRUE,"tested in H_HT, not switching",0.1637,0.1825,,-0.336604886486514,-0.272359236696343,15.875849035473,1,TRUE,TRUE,TRUE,FALSE,TRUE
123,"R3HCC1L",0.162866666666667,-0.113633661148789,"cryptic (DE would miss it)","T_UT only",FALSE,"tested in H_HT, not switching",,0.162866666666667,,,-0.113633661148789,,,FALSE,TRUE,TRUE,FALSE,TRUE
124,"CCSER2",0.1628,0.899783836248806,"also changes expression","T_UT only",FALSE,"tested in H_HT, not switching",,0.1628,,,0.899783836248806,,,FALSE,TRUE,TRUE,FALSE,TRUE
125,"ZDHHC21",0.162666666666667,0.00805187424735245,"cryptic (DE would miss it)","T_UT only",FALSE,"not testable in H_HT",,0.162666666666667,,,0.00805187424735245,,,FALSE,TRUE,TRUE,FALSE,FALSE
126,"CNOT6L",0.1623,0.38873757456649,"also changes expression","both annotations",TRUE,"tested in H_HT, not switching",0.1623,0.165766666666667,,0.38873757456649,0.469405723705407,35.3367228076616,1,TRUE,TRUE,TRUE,FALSE,TRUE
127,"SOCS4",0.162233333333333,0.0152378237186601,"cryptic (DE would miss it)","both annotations",TRUE,"tested in H_HT, not switching",0.162233333333333,0.1795,,0.0152378237186601,0.04397221202631,13.6726498102496,1,TRUE,TRUE,TRUE,FALSE,TRUE
128,"GALM",0.161966666666667,-1.18381015012585,"also changes expression","T_UT only",FALSE,"tested in H_HT, not switching",,0.161966666666667,,-1.41202159450529,-1.18381015012585,,,FALSE,TRUE,TRUE,FALSE,TRUE
129,"ARFGAP3",0.161266666666667,-0.3927613359258,"also changes expression","both annotations",TRUE,"tested in H_HT, not switching",0.161266666666667,0.151133333333333,,-0.3927613359258,-0.330839045519655,319.397225136068,1,TRUE,TRUE,TRUE,FALSE,TRUE
130,"PPAN-P2RY11",0.1608,-0.288956492110771,"also changes expression","both annotations",TRUE,"tested in H_HT, not switching",0.1608,0.1599,,-0.288956492110771,-0.217762885997118,134.893134793457,1,TRUE,TRUE,TRUE,FALSE,TRUE
131,"FSD1L",0.1601,2.91807387054524,"also changes expression","both annotations",TRUE,"tested in H_HT, not switching",0.1601,0.1978,,2.91807387054524,3.01764946280405,23.1669086544309,1,TRUE,TRUE,TRUE,FALSE,TRUE
132,"ITSN1",0.159733333333333,-0.172867485182651,"cryptic (DE would miss it)","T_UT only",FALSE,"not testable in H_HT",,0.159733333333333,,,-0.172867485182651,,,FALSE,TRUE,TRUE,FALSE,FALSE
133,"PEX26",0.159133333333333,-0.490031057450882,"also changes expression","both annotations",TRUE,"not testable in H_HT",0.159133333333333,0.155066666666667,,-0.490031057450882,-0.413586492509766,29.8627345830177,2,TRUE,TRUE,TRUE,FALSE,FALSE
134,"RPS6KA3",0.158866666666667,0.816599665001027,"also changes expression","both annotations",TRUE,"tested in H_HT, not switching",0.158866666666667,0.164733333333333,,0.816599665001027,0.91630345196823,102.597797718504,1,TRUE,TRUE,TRUE,FALSE,TRUE
135,"RHOT1",0.157933333333333,-0.563177685253371,"also changes expression","T_UT only",FALSE,"tested in H_HT, not switching",,0.157933333333333,,-0.638308006325834,-0.563177685253371,,,FALSE,TRUE,TRUE,FALSE,TRUE
136,"FUT7",0.157766666666667,-0.550197386636804,"also changes expression","both annotations",TRUE,"not testable in H_HT",0.157766666666667,0.157266666666667,,-0.550197386636804,-0.476867717488985,164.293274572203,1,TRUE,TRUE,TRUE,FALSE,FALSE
137,"BISPR",0.1566,-0.323819763946207,"also changes expression","both annotations",TRUE,"tested in H_HT, not switching",0.1566,0.1539,,-0.323819763946207,-0.240931901929227,50.8990498970113,1,TRUE,TRUE,TRUE,FALSE,TRUE
138,"SLC9A7",0.156333333333333,0.410339110981398,"also changes expression","T_UT only",FALSE,"not testable in H_HT",,0.156333333333333,,0.361010254530256,0.410339110981398,,,FALSE,TRUE,TRUE,FALSE,FALSE
139,"TPMT",0.154666666666667,0.611443557503555,"also changes expression","T_UT only",FALSE,"tested in H_HT, not switching",,0.154666666666667,,0.570097762758989,0.611443557503555,,,FALSE,TRUE,TRUE,FALSE,TRUE
140,"AGPAT3",0.154633333333333,0.175825346880234,"cryptic (DE would miss it)","T_UT only",FALSE,"also switches in H_HT",,0.154633333333333,0.2005,0.0929771552184526,0.175825346880234,,,FALSE,TRUE,TRUE,TRUE,TRUE
141,"HACD4",0.154633333333333,-0.571465706170665,"also changes expression","T_UT only",FALSE,"not testable in H_HT",,0.154633333333333,,-0.632559590451117,-0.571465706170665,,,FALSE,TRUE,TRUE,FALSE,FALSE
142,"AMIGO3",0.154533333333333,-0.179148545772422,"cryptic (DE would miss it)","T_HT only",FALSE,"tested in H_HT, not switching",0.154533333333333,,,-0.179148545772422,-0.190593485652239,23.6809916122071,1,TRUE,FALSE,TRUE,FALSE,TRUE
143,"DIRAS1",0.154166666666667,-1.12560359036856,"also changes expression","both annotations",TRUE,"not testable in H_HT",0.154166666666667,0.1556,,-1.12560359036856,-1.05857237830771,73.7185827284873,1,TRUE,TRUE,TRUE,FALSE,FALSE
144,"RAB7B",0.154033333333333,-0.257180158565172,"also changes expression","both annotations",TRUE,"tested in H_HT, not switching",0.154033333333333,0.1741,,-0.257180158565172,-0.214490401793381,624.66602370826,1,TRUE,TRUE,TRUE,FALSE,TRUE
145,"XRCC1",0.153733333333333,-0.693509366296192,"also changes expression","T_HT only",FALSE,"tested in H_HT, not switching",0.153733333333333,,,-0.693509366296192,-0.660577248674355,76.7311063181203,1,TRUE,FALSE,TRUE,FALSE,TRUE
146,"SLITRK4",0.153566666666667,1.79259845647181,"also changes expression","T_HT only",FALSE,"not testable in H_HT",0.153566666666667,,,1.79259845647181,1.90533229924905,30.0864213116824,1,TRUE,FALSE,TRUE,FALSE,FALSE
147,"TIMP2",0.153533333333333,-0.320813305810364,"also changes expression","T_UT only",FALSE,"tested in H_HT, not switching",,0.153533333333333,,-0.668465429313678,-0.320813305810364,,,FALSE,TRUE,TRUE,FALSE,TRUE
148,"GAR1",0.1533,0.727263590537438,"also changes expression","T_HT only",FALSE,"not testable in H_HT",0.1533,,,0.727263590537438,0.810876640605619,38.2445322049504,1,TRUE,FALSE,TRUE,FALSE,FALSE
149,"PBX2",0.153266666666667,-0.0742817424210938,"cryptic (DE would miss it)","T_HT only",FALSE,"tested in H_HT, not switching",0.153266666666667,,,-0.0742817424210938,0.000123423280232588,608.240454214305,1,TRUE,FALSE,TRUE,FALSE,TRUE
150,"ZGRF1",0.1528,-0.511665858522159,"also changes expression","T_UT only",FALSE,"not testable in H_HT",,0.1528,,,-0.511665858522159,,,FALSE,TRUE,TRUE,FALSE,FALSE
151,"SESN1",0.152266666666667,-2.04934217139131,"also changes expression","T_HT only",FALSE,"also switches in H_HT",0.152266666666667,,0.2499,-2.04934217139131,-1.93223160343674,47.6129400106157,1,TRUE,FALSE,TRUE,TRUE,TRUE
152,"RPUSD2",0.152266666666667,-0.206402745675931,"cryptic (DE would miss it)","T_UT only",FALSE,"not testable in H_HT",,0.152266666666667,,,-0.206402745675931,,,FALSE,TRUE,TRUE,FALSE,FALSE
153,"EHBP1",0.1514,-0.047160463414545,"cryptic (DE would miss it)","T_UT only",FALSE,"not testable in H_HT",,0.1514,,-0.104349269041695,-0.047160463414545,,,FALSE,TRUE,TRUE,FALSE,FALSE
154,"PIGV",0.151233333333333,-0.0050168378220007,"cryptic (DE would miss it)","T_HT only",FALSE,"tested in H_HT, not switching",0.151233333333333,,,-0.0050168378220007,0.0520858787891053,18.571492310972,1,TRUE,FALSE,TRUE,FALSE,TRUE
155,"CABIN1",0.151033333333333,-1.19824286760714,"also changes expression","T_HT only",FALSE,"tested in H_HT, not switching",0.151033333333333,,,-1.19824286760714,-1.15142786196489,23.6457894608075,1,TRUE,FALSE,TRUE,FALSE,TRUE
156,"GFOD2",0.150333333333333,0.0848630433251766,"cryptic (DE would miss it)","T_HT only",FALSE,"not testable in H_HT",0.150333333333333,,,0.0848630433251766,0.155139429748866,13.0341572115087,1,TRUE,FALSE,TRUE,FALSE,FALSE
157,"ARMCX3",0.150166666666667,-0.455152859806077,"also changes expression","T_HT only",FALSE,"not testable in H_HT",0.150166666666667,,,-0.455152859806077,-0.310042342571532,40.4066739313828,1,TRUE,FALSE,TRUE,FALSE,FALSE
