"gene_name","sw_A","dif_A","floor_A","sw_B","dif_B","floor_B","other_dif","other_floor","reason"
"HESX1",FALSE,0.284233333333333,FALSE,TRUE,0.226833333333333,TRUE,0.284233333333333,FALSE,"below the expression floor"
"IRAK3",FALSE,0.254766666666667,FALSE,TRUE,0.238166666666667,TRUE,0.254766666666667,FALSE,"below the expression floor"
"LINC02611",FALSE,0.243833333333333,TRUE,TRUE,0.4042,TRUE,0.243833333333333,TRUE,"clearly absent (|dIF| < 0.1, above floor)"
"DGKA",FALSE,0.2436,FALSE,TRUE,0.186933333333333,TRUE,0.2436,FALSE,"below the expression floor"
"TRIM22",TRUE,0.1938,TRUE,FALSE,0.2368,TRUE,0.2368,TRUE,"clearly absent (|dIF| < 0.1, above floor)"
"IFIT3",TRUE,0.176166666666667,TRUE,FALSE,0.2279,TRUE,0.2279,TRUE,"clearly absent (|dIF| < 0.1, above floor)"
"SAMD14",FALSE,0.224866666666667,FALSE,TRUE,0.217633333333333,TRUE,0.224866666666667,FALSE,"below the expression floor"
"CHST15",FALSE,0.222266666666667,TRUE,TRUE,0.200633333333333,TRUE,0.222266666666667,TRUE,"clearly absent (|dIF| < 0.1, above floor)"
"HELZ",TRUE,0.1757,TRUE,FALSE,0.222066666666667,TRUE,0.222066666666667,TRUE,"clearly absent (|dIF| < 0.1, above floor)"
"LCMT1",TRUE,0.242266666666667,TRUE,FALSE,0.219066666666667,TRUE,0.219066666666667,TRUE,"clearly absent (|dIF| < 0.1, above floor)"
"CBWD3",TRUE,0.233166666666667,TRUE,FALSE,0.218466666666667,TRUE,0.218466666666667,TRUE,"clearly absent (|dIF| < 0.1, above floor)"
"TFPI2",FALSE,0.2123,TRUE,TRUE,0.2711,TRUE,0.2123,TRUE,"clearly absent (|dIF| < 0.1, above floor)"
"TMEM52B",FALSE,0.197366666666667,TRUE,TRUE,0.248333333333333,TRUE,0.197366666666667,TRUE,"clearly absent (|dIF| < 0.1, above floor)"
"RTN4RL2",FALSE,0.187533333333333,FALSE,TRUE,0.174,TRUE,0.187533333333333,FALSE,"below the expression floor"
"OSBPL7",FALSE,0.186833333333333,FALSE,TRUE,0.185966666666667,TRUE,0.186833333333333,FALSE,"below the expression floor"
"PRKACB",FALSE,0.186766666666667,FALSE,TRUE,0.2291,TRUE,0.186766666666667,FALSE,"below the expression floor"
"MOSMO",FALSE,0.185466666666667,FALSE,TRUE,0.185433333333333,TRUE,0.185466666666667,FALSE,"below the expression floor"
"SAP130",FALSE,0.185033333333333,TRUE,TRUE,0.186566666666667,TRUE,0.185033333333333,TRUE,"clearly absent (|dIF| < 0.1, above floor)"
"R3HCC1L",FALSE,0.1834,FALSE,TRUE,0.162866666666667,TRUE,0.1834,FALSE,"below the expression floor"
"SOX5",FALSE,0.175733333333333,FALSE,TRUE,0.170966666666667,TRUE,0.175733333333333,FALSE,"below the expression floor"
"MYZAP",FALSE,0.173466666666667,TRUE,TRUE,0.192266666666667,TRUE,0.173466666666667,TRUE,"clearly absent (|dIF| < 0.1, above floor)"
"SLC35A5",FALSE,0.172933333333333,FALSE,TRUE,0.1824,TRUE,0.172933333333333,FALSE,"below the expression floor"
"PRKAR1B",TRUE,0.177733333333333,TRUE,FALSE,0.168833333333333,TRUE,0.168833333333333,TRUE,"clearly absent (|dIF| < 0.1, above floor)"
"ZDHHC21",FALSE,0.162933333333333,FALSE,TRUE,0.162666666666667,TRUE,0.162933333333333,FALSE,"below the expression floor"
"WDR33",TRUE,0.170533333333333,TRUE,FALSE,0.1624,TRUE,0.1624,TRUE,"clearly absent (|dIF| < 0.1, above floor)"
"HACD4",FALSE,0.160366666666667,TRUE,TRUE,0.164033333333333,TRUE,0.160366666666667,TRUE,"clearly absent (|dIF| < 0.1, above floor)"
"SLITRK4",TRUE,0.153566666666667,TRUE,FALSE,0.1599,TRUE,0.1599,TRUE,"clearly absent (|dIF| < 0.1, above floor)"
"ITSN1",FALSE,0.1571,FALSE,TRUE,0.159733333333333,TRUE,0.1571,FALSE,"below the expression floor"
"SEC14L2",FALSE,0.156666666666667,TRUE,TRUE,0.1682,TRUE,0.156666666666667,TRUE,"clearly absent (|dIF| < 0.1, above floor)"
"IFIT1",TRUE,0.2691,TRUE,FALSE,0.1551,TRUE,0.1551,TRUE,"clearly absent (|dIF| < 0.1, above floor)"
"PTGFRN",FALSE,0.150266666666667,FALSE,TRUE,0.183033333333333,TRUE,0.150266666666667,FALSE,"below the expression floor"
"MMS22L",FALSE,0.1498,FALSE,TRUE,0.175433333333333,TRUE,0.1498,FALSE,"below the expression floor"
"CABIN1",TRUE,0.151033333333333,TRUE,FALSE,0.1496,TRUE,0.1496,TRUE,"near-miss (|dIF| 0.1-0.15, above floor)"
"RIN2",FALSE,0.1495,FALSE,TRUE,0.180766666666667,TRUE,0.1495,FALSE,"below the expression floor"
"ST3GAL6",TRUE,0.166866666666667,TRUE,FALSE,0.1495,TRUE,0.1495,TRUE,"near-miss (|dIF| 0.1-0.15, above floor)"
"GTF3C6",TRUE,0.166866666666667,TRUE,FALSE,0.149033333333333,TRUE,0.149033333333333,TRUE,"near-miss (|dIF| 0.1-0.15, above floor)"
"GFOD2",TRUE,0.150333333333333,TRUE,FALSE,0.148566666666667,TRUE,0.148566666666667,TRUE,"near-miss (|dIF| 0.1-0.15, above floor)"
"RPUSD2",FALSE,0.148333333333333,FALSE,TRUE,0.152266666666667,TRUE,0.148333333333333,FALSE,"below the expression floor"
"GAR1",TRUE,0.156966666666667,TRUE,FALSE,0.148,TRUE,0.148,TRUE,"near-miss (|dIF| 0.1-0.15, above floor)"
"PBX2",TRUE,0.153266666666667,TRUE,FALSE,0.147333333333333,TRUE,0.147333333333333,TRUE,"near-miss (|dIF| 0.1-0.15, above floor)"
"ZNF674-AS1",FALSE,0.143233333333333,TRUE,TRUE,0.169133333333333,TRUE,0.143233333333333,TRUE,"near-miss (|dIF| 0.1-0.15, above floor)"
"RASSF1",TRUE,0.222966666666667,TRUE,FALSE,0.143233333333333,TRUE,0.143233333333333,TRUE,"near-miss (|dIF| 0.1-0.15, above floor)"
"AGPAT3",FALSE,0.1427,TRUE,TRUE,0.154633333333333,TRUE,0.1427,TRUE,"near-miss (|dIF| 0.1-0.15, above floor)"
"ZGRF1",FALSE,0.1412,FALSE,TRUE,0.1528,TRUE,0.1412,FALSE,"below the expression floor"
"MGAT4A",FALSE,0.140866666666667,TRUE,TRUE,0.171233333333333,TRUE,0.140866666666667,TRUE,"near-miss (|dIF| 0.1-0.15, above floor)"
"TTC9C",FALSE,0.140633333333333,TRUE,TRUE,0.179033333333333,TRUE,0.140633333333333,TRUE,"near-miss (|dIF| 0.1-0.15, above floor)"
"SESN1",TRUE,0.152266666666667,TRUE,FALSE,0.1395,TRUE,0.1395,TRUE,"near-miss (|dIF| 0.1-0.15, above floor)"
"DCUN1D4",FALSE,0.1363,TRUE,TRUE,0.1706,TRUE,0.1363,TRUE,"near-miss (|dIF| 0.1-0.15, above floor)"
"AMIGO3",TRUE,0.154533333333333,TRUE,FALSE,0.1359,TRUE,0.1359,TRUE,"near-miss (|dIF| 0.1-0.15, above floor)"
"UCHL3",TRUE,0.184,TRUE,FALSE,0.1326,TRUE,0.1326,TRUE,"near-miss (|dIF| 0.1-0.15, above floor)"
"TMEM234",TRUE,0.2684,TRUE,FALSE,0.132433333333333,TRUE,0.132433333333333,TRUE,"near-miss (|dIF| 0.1-0.15, above floor)"
"LGALS8",FALSE,0.132333333333333,TRUE,TRUE,0.168433333333333,TRUE,0.132333333333333,TRUE,"near-miss (|dIF| 0.1-0.15, above floor)"
"SLC6A8",TRUE,0.164566666666667,TRUE,FALSE,0.1309,TRUE,0.1309,TRUE,"near-miss (|dIF| 0.1-0.15, above floor)"
"SLC9A7",FALSE,0.130866666666667,TRUE,TRUE,0.156333333333333,TRUE,0.130866666666667,TRUE,"near-miss (|dIF| 0.1-0.15, above floor)"
"PALM2AKAP2",TRUE,0.165433333333333,TRUE,FALSE,0.1301,TRUE,0.1301,TRUE,"near-miss (|dIF| 0.1-0.15, above floor)"
"SNX10",FALSE,0.129633333333333,TRUE,TRUE,0.201366666666667,TRUE,0.129633333333333,TRUE,"near-miss (|dIF| 0.1-0.15, above floor)"
"TPMT",FALSE,0.1293,TRUE,TRUE,0.155433333333333,TRUE,0.1293,TRUE,"near-miss (|dIF| 0.1-0.15, above floor)"
"CCSER2",FALSE,0.128133333333333,FALSE,TRUE,0.1628,TRUE,0.128133333333333,FALSE,"below the expression floor"
"TIMP3",FALSE,0.124533333333333,TRUE,TRUE,0.269066666666667,TRUE,0.124533333333333,TRUE,"near-miss (|dIF| 0.1-0.15, above floor)"
"AMN1",FALSE,0.120833333333333,FALSE,TRUE,0.250666666666667,TRUE,0.120833333333333,FALSE,"below the expression floor"
"MPZL1",TRUE,0.1692,TRUE,FALSE,0.120333333333333,TRUE,0.120333333333333,TRUE,"near-miss (|dIF| 0.1-0.15, above floor)"
"RNASEH1",TRUE,0.1878,TRUE,FALSE,0.119533333333333,TRUE,0.119533333333333,TRUE,"near-miss (|dIF| 0.1-0.15, above floor)"
"MRPL39",FALSE,0.117433333333333,TRUE,TRUE,0.2652,TRUE,0.117433333333333,TRUE,"near-miss (|dIF| 0.1-0.15, above floor)"
"HS1BP3",FALSE,0.115266666666667,TRUE,TRUE,0.211666666666667,TRUE,0.115266666666667,TRUE,"near-miss (|dIF| 0.1-0.15, above floor)"
"PLA2G7",TRUE,0.270866666666667,TRUE,FALSE,0.114166666666667,TRUE,0.114166666666667,TRUE,"near-miss (|dIF| 0.1-0.15, above floor)"
"RHOT1",FALSE,0.1141,TRUE,TRUE,0.157933333333333,TRUE,0.1141,TRUE,"near-miss (|dIF| 0.1-0.15, above floor)"
"LIG1",FALSE,0.113133333333333,TRUE,TRUE,0.218666666666667,TRUE,0.113133333333333,TRUE,"near-miss (|dIF| 0.1-0.15, above floor)"
"GALM",FALSE,0.112233333333333,TRUE,TRUE,0.161966666666667,TRUE,0.112233333333333,TRUE,"near-miss (|dIF| 0.1-0.15, above floor)"
"POGLUT1",FALSE,0.110733333333333,TRUE,TRUE,0.237233333333333,TRUE,0.110733333333333,TRUE,"near-miss (|dIF| 0.1-0.15, above floor)"
"CCL22",FALSE,0.107833333333333,TRUE,TRUE,0.356333333333333,TRUE,0.107833333333333,TRUE,"near-miss (|dIF| 0.1-0.15, above floor)"
"EHBP1",FALSE,0.104533333333333,TRUE,TRUE,0.1514,TRUE,0.104533333333333,TRUE,"near-miss (|dIF| 0.1-0.15, above floor)"
"SORT1",FALSE,0.1032,TRUE,TRUE,0.165833333333333,TRUE,0.1032,TRUE,"near-miss (|dIF| 0.1-0.15, above floor)"
"TEX30",TRUE,0.176833333333333,TRUE,FALSE,0.1021,TRUE,0.1021,TRUE,"near-miss (|dIF| 0.1-0.15, above floor)"
"ALOX5",FALSE,0.0994666666666666,TRUE,TRUE,0.172233333333333,TRUE,0.0994666666666666,TRUE,"clearly absent (|dIF| < 0.1, above floor)"
"PIGV",TRUE,0.1566,TRUE,FALSE,0.0981,TRUE,0.0981,TRUE,"clearly absent (|dIF| < 0.1, above floor)"
"XRCC1",TRUE,0.153733333333333,TRUE,FALSE,0.0952333333333333,TRUE,0.0952333333333333,TRUE,"clearly absent (|dIF| < 0.1, above floor)"
"SPRING1",FALSE,0.0948333333333334,TRUE,TRUE,0.284466666666667,TRUE,0.0948333333333334,TRUE,"clearly absent (|dIF| < 0.1, above floor)"
"MRPL42",FALSE,0.0886666666666667,TRUE,TRUE,0.2198,TRUE,0.0886666666666667,TRUE,"clearly absent (|dIF| < 0.1, above floor)"
"HERPUD2-AS1",FALSE,0.0859666666666667,FALSE,TRUE,0.1844,TRUE,0.0859666666666667,FALSE,"below the expression floor"
"SPHK1",TRUE,0.1766,TRUE,FALSE,0.0858333333333333,TRUE,0.0858333333333333,TRUE,"clearly absent (|dIF| < 0.1, above floor)"
"ZNF521",TRUE,0.1685,TRUE,FALSE,0.0848333333333333,TRUE,0.0848333333333333,TRUE,"clearly absent (|dIF| < 0.1, above floor)"
"ARMCX3",TRUE,0.150166666666667,TRUE,FALSE,0.0836666666666667,TRUE,0.0836666666666667,TRUE,"clearly absent (|dIF| < 0.1, above floor)"
"NME7",TRUE,0.1929,TRUE,FALSE,0.0822333333333333,TRUE,0.0822333333333333,TRUE,"clearly absent (|dIF| < 0.1, above floor)"
"TXNL4B",FALSE,0.0792666666666667,TRUE,TRUE,0.246633333333333,TRUE,0.0792666666666667,TRUE,"clearly absent (|dIF| < 0.1, above floor)"
"BCL7B",FALSE,0.0668333333333333,TRUE,TRUE,0.168033333333333,TRUE,0.0668333333333333,TRUE,"clearly absent (|dIF| < 0.1, above floor)"
"TIMP2",FALSE,0.0664666666666666,TRUE,TRUE,0.157233333333333,TRUE,0.0664666666666666,TRUE,"clearly absent (|dIF| < 0.1, above floor)"
"TMEM218",FALSE,0.0562333333333333,TRUE,TRUE,0.1882,TRUE,0.0562333333333333,TRUE,"clearly absent (|dIF| < 0.1, above floor)"
"PHLDA3",TRUE,0.251133333333333,TRUE,FALSE,0.0546333333333333,TRUE,0.0546333333333333,TRUE,"clearly absent (|dIF| < 0.1, above floor)"
"KATNA1",TRUE,0.214433333333333,TRUE,FALSE,0.0496,TRUE,0.0496,TRUE,"clearly absent (|dIF| < 0.1, above floor)"
"ALKBH3",TRUE,0.2671,TRUE,FALSE,0.0477,TRUE,0.0477,TRUE,"clearly absent (|dIF| < 0.1, above floor)"
"MEIKIN",FALSE,0.047,FALSE,TRUE,0.175133333333333,TRUE,0.047,FALSE,"below the expression floor"
"ELMOD2",FALSE,0.0457333333333333,FALSE,TRUE,0.1997,TRUE,0.0457333333333333,FALSE,"below the expression floor"
"COG4",TRUE,0.2253,TRUE,FALSE,0.0431,TRUE,0.0431,TRUE,"clearly absent (|dIF| < 0.1, above floor)"
"PITPNC1",TRUE,0.221233333333333,TRUE,FALSE,0.0421333333333332,TRUE,0.0421333333333332,TRUE,"clearly absent (|dIF| < 0.1, above floor)"
"RUBCN",TRUE,0.294733333333333,TRUE,FALSE,0.0379,TRUE,0.0379,TRUE,"clearly absent (|dIF| < 0.1, above floor)"
"TBC1D12",FALSE,0.0374666666666667,FALSE,TRUE,0.2096,TRUE,0.0374666666666667,FALSE,"below the expression floor"
"UTS2",FALSE,0.0257666666666667,TRUE,TRUE,0.176833333333333,TRUE,0.0257666666666667,TRUE,"clearly absent (|dIF| < 0.1, above floor)"
"TMEM14A",FALSE,0.0247666666666667,TRUE,TRUE,0.213633333333333,TRUE,0.0247666666666667,TRUE,"clearly absent (|dIF| < 0.1, above floor)"
"BPNT2",FALSE,0.0104666666666667,TRUE,TRUE,0.1708,TRUE,0.0104666666666667,TRUE,"clearly absent (|dIF| < 0.1, above floor)"
"CCDC117",TRUE,0.233266666666667,TRUE,FALSE,0.0055,TRUE,0.0055,TRUE,"clearly absent (|dIF| < 0.1, above floor)"
"C5orf51",TRUE,0.164933333333333,TRUE,FALSE,0.0034,TRUE,0.0034,TRUE,"clearly absent (|dIF| < 0.1, above floor)"
