"gene_id","gene_name","n_isoforms","n_switching_isoforms","n_novel_switching_isoforms","n_switching_up","n_switching_down","max_abs_dif_switching","min_isoform_switch_q","min_gene_switch_q","novel_involved","has_multi_isoform_opposing_switch","dataset_key","dataset_label","rank"
"XLOC_045594","NCOA7",9,6,1,1,5,0.6734,1.25356438037034e-254,1.25356438037034e-254,TRUE,TRUE,"T_UT","T_UT",1
"XLOC_023195","ZNF18",6,2,0,1,1,0.6077,2.9239208785721e-14,2.9239208785721e-14,FALSE,TRUE,"T_UT","T_UT",2
"XLOC_030548","RBKS",8,2,0,1,1,0.4408,8.63077645685015e-12,8.63077645685015e-12,FALSE,TRUE,"T_UT","T_UT",3
"XLOC_036709","CD86",8,3,2,2,1,0.435666666666667,2.56002638280214e-12,2.56002638280214e-12,TRUE,TRUE,"T_UT","T_UT",4
"XLOC_011542","THAP2",11,3,1,2,1,0.4244,3.49543155019469e-28,3.49543155019469e-28,TRUE,TRUE,"T_UT","T_UT",5
"XLOC_008996","TLCD5",4,2,0,1,1,0.403066666666667,0.011825786020886,0.011825786020886,FALSE,TRUE,"T_UT","T_UT",6
"XLOC_028013","KLK1",3,2,2,1,1,0.369333333333333,0.000693672314573448,0.000693672314573448,TRUE,TRUE,"T_UT","T_UT",7
"XLOC_020026","CCL22",4,4,4,1,3,0.356333333333333,1.43956395677891e-07,1.43956395677891e-07,TRUE,TRUE,"T_UT","T_UT",8
"XLOC_028291","RSAD2",6,3,0,1,2,0.3374,1.19707698783538e-09,1.19707698783538e-09,FALSE,TRUE,"T_UT","T_UT",9
"XLOC_032056","MREG",6,3,0,2,1,0.332966666666667,1.78614178981197e-12,1.78614178981197e-12,FALSE,TRUE,"T_UT","T_UT",10
"XLOC_011393","IL23A",5,2,2,1,1,0.313633333333333,5.81084153231282e-28,5.81084153231282e-28,TRUE,TRUE,"T_UT","T_UT",11
"XLOC_016207","CEBPE",3,2,0,1,1,0.307833333333333,3.8268533871402e-08,3.8268533871402e-08,FALSE,TRUE,"T_UT","T_UT",12
"XLOC_021732","KDM6B",3,2,0,1,1,0.303933333333333,0.000787817682467859,0.000787817682467859,FALSE,TRUE,"T_UT","T_UT",13
"XLOC_007559","IFITM2",11,3,1,2,1,0.289466666666667,9.84462106803533e-89,9.84462106803533e-89,TRUE,TRUE,"T_UT","T_UT",14
"XLOC_045291","SH3BGRL2",8,2,1,1,1,0.288633333333333,1.08013110527317e-06,1.08013110527317e-06,TRUE,TRUE,"T_UT","T_UT",15
"XLOC_054002","TOPORS",10,4,3,2,2,0.2854,1.03910573457335e-32,1.03910573457335e-32,TRUE,TRUE,"T_UT","T_UT",16
"XLOC_041265","SH3D19",6,2,0,1,1,0.284833333333333,0.00096572244725111,0.00096572244725111,FALSE,TRUE,"T_UT","T_UT",17
"XLOC_044425","GFPT2",4,2,1,1,1,0.279833333333333,5.84450475090343e-05,5.84450475090343e-05,TRUE,TRUE,"T_UT","T_UT",18
"XLOC_047270","IPCEF1",11,7,4,3,4,0.275,1.83275224490228e-29,1.83275224490228e-29,TRUE,TRUE,"T_UT","T_UT",19
"XLOC_034994","TIMP3",3,2,2,1,1,0.269066666666667,8.54474554849503e-40,8.54474554849503e-40,TRUE,TRUE,"T_UT","T_UT",20
"XLOC_034300","MRPL39",7,2,2,1,1,0.2652,0.0075214963354771,0.0075214963354771,TRUE,TRUE,"T_UT","T_UT",21
"XLOC_015829","RIN3",9,4,0,3,1,0.261433333333333,0.00108793886458013,0.00108793886458013,FALSE,TRUE,"T_UT","T_UT",22
"XLOC_033712","RGS19",4,2,0,1,1,0.2572,4.17973154265066e-09,4.17973154265066e-09,FALSE,TRUE,"T_UT","T_UT",23
"XLOC_012538","AMN1",12,2,1,1,1,0.250666666666667,9.4558189929635e-07,9.4558189929635e-07,TRUE,TRUE,"T_UT","T_UT",24
"XLOC_010885","TMEM52B",5,2,2,1,1,0.248333333333333,0.0178798740650283,0.0178798740650283,TRUE,TRUE,"T_UT","T_UT",25
"XLOC_028007","SYT3",4,2,0,1,1,0.2483,0.00469554652909407,0.00469554652909407,FALSE,TRUE,"T_UT","T_UT",26
"XLOC_026575","INAFM1",2,2,1,1,1,0.247366666666667,0.0323249159632635,0.0323249159632635,TRUE,TRUE,"T_UT","T_UT",27
"XLOC_021363","TXNL4B",5,2,2,1,1,0.246633333333333,0.00196818748141227,0.00196818748141227,TRUE,TRUE,"T_UT","T_UT",28
"XLOC_045100","TMEM63B",5,2,0,1,1,0.2444,2.63671632037402e-15,2.63671632037402e-15,FALSE,TRUE,"T_UT","T_UT",29
"XLOC_053493","SNX30",3,2,0,1,1,0.2442,2.0644311882522e-05,2.0644311882522e-05,FALSE,TRUE,"T_UT","T_UT",30
"XLOC_025863","ENSG00000274425",2,2,1,1,1,0.2439,0.00527369108922298,0.00527369108922298,TRUE,TRUE,"T_UT","T_UT",31
"XLOC_023567","CCL3",3,2,2,1,1,0.235966666666667,5.61215504485498e-20,5.61215504485498e-20,TRUE,TRUE,"T_UT","T_UT",32
"XLOC_015706","JDP2",6,2,1,1,1,0.2357,9.81373998389333e-30,9.81373998389333e-30,TRUE,TRUE,"T_UT","T_UT",33
"XLOC_012880","NEMP1",9,3,3,1,2,0.235066666666667,2.64634819076352e-11,2.64634819076352e-11,TRUE,TRUE,"T_UT","T_UT",34
"XLOC_037864","HESX1",7,2,2,1,1,0.226833333333333,0.00985761008873253,0.00985761008873253,TRUE,TRUE,"T_UT","T_UT",35
"XLOC_026704","ZNF175",4,2,0,1,1,0.2233,2.16468547813701e-08,2.16468547813701e-08,FALSE,TRUE,"T_UT","T_UT",36
"XLOC_024139","HELZ",7,2,1,1,1,0.222066666666667,0.00574586750109999,0.00574586750109999,TRUE,TRUE,"T_UT","T_UT",37
"XLOC_023262","PLD6",7,2,0,1,1,0.221833333333333,9.86066603716753e-11,9.86066603716753e-11,FALSE,TRUE,"T_UT","T_UT",38
"XLOC_011692","MRPL42",10,2,1,1,1,0.2198,4.69141424581951e-06,4.69141424581951e-06,TRUE,TRUE,"T_UT","T_UT",39
"XLOC_045156","TMEM14A",4,2,1,1,1,0.213633333333333,1.41600215498545e-07,1.41600215498545e-07,TRUE,TRUE,"T_UT","T_UT",40
"XLOC_030459","HS1BP3",8,3,1,2,1,0.211666666666667,2.24715251368708e-05,2.24715251368708e-05,TRUE,TRUE,"T_UT","T_UT",41
"XLOC_044564","TMEM170B",2,2,1,1,1,0.208566666666667,0.00514281917354287,0.00514281917354287,TRUE,TRUE,"T_UT","T_UT",42
"XLOC_050046","ZC3HAV1",5,4,3,3,1,0.202066666666667,1.24822009558154e-13,1.24822009558154e-13,TRUE,TRUE,"T_UT","T_UT",43
"XLOC_001303","CTTNBP2NL",4,2,1,1,1,0.194233333333333,1.14088211584295e-05,1.14088211584295e-05,TRUE,TRUE,"T_UT","T_UT",44
"XLOC_017650","MYZAP",7,2,1,1,1,0.192266666666667,0.000497249837571133,0.000497249837571133,TRUE,TRUE,"T_UT","T_UT",45
"XLOC_015489","CDKN3",9,2,0,1,1,0.192066666666667,1.70473529126736e-05,1.70473529126736e-05,FALSE,TRUE,"T_UT","T_UT",46
"XLOC_022194","CCL4",5,2,2,1,1,0.188233333333333,0.000328435123189006,0.000328435123189006,TRUE,TRUE,"T_UT","T_UT",47
"XLOC_011307","SP1",4,2,0,1,1,0.184133333333333,0.00610586046621409,0.00610586046621409,FALSE,TRUE,"T_UT","T_UT",48
"XLOC_049662","CDK6",2,2,0,1,1,0.181233333333333,0.0292947571176595,0.0292947571176595,FALSE,TRUE,"T_UT","T_UT",49
"XLOC_002833","UTS2",12,4,2,1,3,0.176833333333333,1.78089449082664e-10,1.78089449082664e-10,TRUE,TRUE,"T_UT","T_UT",50
"XLOC_004829","RAB7B",6,5,5,3,2,0.1741,4.32719236470046e-23,4.32719236470046e-23,TRUE,TRUE,"T_UT","T_UT",51
"XLOC_031205","MGAT4A",6,3,2,1,2,0.171233333333333,7.16036002217278e-16,7.16036002217278e-16,TRUE,TRUE,"T_UT","T_UT",52
"XLOC_012456","SOX5",11,2,1,1,1,0.170966666666667,0.000537210331093829,0.000537210331093829,TRUE,TRUE,"T_UT","T_UT",53
"XLOC_051993","BPNT2",3,2,1,1,1,0.1708,1.73665391804961e-18,1.73665391804961e-18,TRUE,TRUE,"T_UT","T_UT",54
"XLOC_039304","DCUN1D4",14,2,2,1,1,0.1706,0.00137399080983534,0.00137399080983534,TRUE,TRUE,"T_UT","T_UT",55
"XLOC_002392","FBXO28",4,2,1,1,1,0.168566666666667,0.000140357399876349,0.000140357399876349,TRUE,TRUE,"T_UT","T_UT",56
"XLOC_034947","SEC14L2",12,2,0,1,1,0.1682,0.0130762271474659,0.0130762271474659,FALSE,TRUE,"T_UT","T_UT",57
"XLOC_049531","BCL7B",7,2,0,1,1,0.168033333333333,1.93047135577884e-07,1.93047135577884e-07,FALSE,TRUE,"T_UT","T_UT",58
"XLOC_001966","RASAL2",10,2,0,1,1,0.1658,0.00325413777445229,0.00325413777445229,FALSE,TRUE,"T_UT","T_UT",59
"XLOC_034636","USP18",13,5,5,3,2,0.165566666666667,4.58938756885197e-13,4.58938756885197e-13,TRUE,TRUE,"T_UT","T_UT",60
"XLOC_057156","SLITRK4",3,2,0,1,1,0.1599,0.000333571752608824,0.000333571752608824,FALSE,TRUE,"T_UT","T_UT",61
"XLOC_050251","CLN8",16,2,0,1,1,0.1598,5.19185806460791e-05,5.19185806460791e-05,FALSE,TRUE,"T_UT","T_UT",62
"XLOC_054896","FUT7",4,2,0,1,1,0.157266666666667,7.26677217165528e-77,7.26677217165528e-77,FALSE,TRUE,"T_UT","T_UT",63
"XLOC_022206","MRM1",2,2,0,1,1,0.157133333333333,0.00205270736781288,0.00205270736781288,FALSE,TRUE,"T_UT","T_UT",64
"XLOC_034635","PEX26",8,4,0,2,2,0.155066666666667,0.00384416081787596,0.00384416081787596,FALSE,TRUE,"T_UT","T_UT",65
"XLOC_029507","TEX41",23,2,2,1,1,0.154066666666667,0.000103295236064152,0.000103295236064152,TRUE,TRUE,"T_UT","T_UT",66
"XLOC_043254","TARS1-DT",3,2,0,1,1,0.153866666666667,3.90005203417855e-06,3.90005203417855e-06,FALSE,TRUE,"T_UT","T_UT",67
"XLOC_035738","ARFGAP3",9,6,5,3,3,0.151133333333333,1.9488589418288e-14,1.9488589418288e-14,TRUE,TRUE,"T_UT","T_UT",68
"XLOC_036535","ST3GAL6",16,3,2,1,2,0.1495,7.68225654939428e-05,7.68225654939428e-05,TRUE,TRUE,"T_UT","T_UT",69
"XLOC_001715","CD1D",14,3,3,1,2,0.1492,2.77577300933962e-19,2.77577300933962e-19,TRUE,TRUE,"T_UT","T_UT",70
"XLOC_019728","FBXL19",8,2,1,1,1,0.148433333333333,1.92255645501647e-16,1.92255645501647e-16,TRUE,TRUE,"T_UT","T_UT",71
"XLOC_038441","PLSCR1",14,5,5,3,2,0.1483,3.88290061077938e-07,3.88290061077938e-07,TRUE,TRUE,"T_UT","T_UT",72
"XLOC_037599","TRANK1",5,2,1,1,1,0.147333333333333,1.34175915510827e-09,1.34175915510827e-09,TRUE,TRUE,"T_UT","T_UT",73
"XLOC_046375","PBX2",9,3,1,2,1,0.147333333333333,2.04389755972963e-12,2.04389755972963e-12,TRUE,TRUE,"T_UT","T_UT",74
"XLOC_032639","ACSS2",11,2,1,1,1,0.145833333333333,0.00106472957798689,0.00106472957798689,TRUE,TRUE,"T_UT","T_UT",75
"XLOC_002864","CTNNBIP1",3,2,0,1,1,0.145466666666667,0.0024240197517107,0.0024240197517107,FALSE,TRUE,"T_UT","T_UT",76
"XLOC_014600","RUBCNL",19,2,2,1,1,0.1447,1.71179622571665e-05,1.71179622571665e-05,TRUE,TRUE,"T_UT","T_UT",77
"XLOC_033473","TOMM34",7,2,2,1,1,0.144666666666667,0.00780956928227686,0.00780956928227686,TRUE,TRUE,"T_UT","T_UT",78
"XLOC_046945","SESN1",8,3,1,2,1,0.1395,4.15480830751356e-10,4.15480830751356e-10,TRUE,TRUE,"T_UT","T_UT",79
"XLOC_015098","TOX4",9,2,1,1,1,0.138966666666667,0.000127258365957919,0.000127258365957919,TRUE,TRUE,"T_UT","T_UT",80
"XLOC_001524","ADAMTSL4",6,2,0,1,1,0.1358,0.00232716627088813,0.00232716627088813,FALSE,TRUE,"T_UT","T_UT",81
"XLOC_033318","BCL2L1",12,4,0,1,3,0.129333333333333,1.31301008256335e-06,1.31301008256335e-06,FALSE,TRUE,"T_UT","T_UT",82
"XLOC_045311","TPBG",3,2,0,1,1,0.1223,2.22053916583073e-14,2.22053916583073e-14,FALSE,TRUE,"T_UT","T_UT",83
"XLOC_054645","AKNA",7,2,0,1,1,0.120266666666667,1.09270434707927e-05,1.09270434707927e-05,FALSE,TRUE,"T_UT","T_UT",84
"XLOC_030331","RNASEH1",11,2,1,1,1,0.119533333333333,5.07758077051243e-07,5.07758077051243e-07,TRUE,TRUE,"T_UT","T_UT",85
"XLOC_004323","MEF2D",5,2,0,1,1,0.118766666666667,5.73768289743918e-07,5.73768289743918e-07,FALSE,TRUE,"T_UT","T_UT",86
"XLOC_024301","CBX4",2,2,0,1,1,0.115866666666667,0.000902625558613871,0.000902625558613871,FALSE,TRUE,"T_UT","T_UT",87
"XLOC_010320","CCDC82",14,2,2,1,1,0.106833333333333,9.63755640910023e-09,9.63755640910023e-09,TRUE,TRUE,"T_UT","T_UT",88
"XLOC_013055","PHLDA1",2,2,1,1,1,0.106166666666667,0.00721058541688129,0.00721058541688129,TRUE,TRUE,"T_UT","T_UT",89
"XLOC_039462","MOB1B",7,2,1,1,1,0.1061,0.000160154721270925,0.000160154721270925,TRUE,TRUE,"T_UT","T_UT",90
"XLOC_021625","PAFAH1B1",8,2,1,1,1,0.1017,0.00963454938092339,0.00963454938092339,TRUE,TRUE,"T_UT","T_UT",91
"XLOC_053140","PGM5",5,1,0,1,0,0.688766666666667,9.28127852614633e-09,9.28127852614633e-09,FALSE,FALSE,"T_UT","T_UT",92
"XLOC_056821","SYTL4",8,1,1,1,0,0.551133333333333,1.46774526288541e-09,1.46774526288541e-09,TRUE,FALSE,"T_UT","T_UT",93
"XLOC_048833","PRKAG2-AS1",4,1,0,0,1,0.4897,0.0238654692324716,0.0238654692324716,FALSE,FALSE,"T_UT","T_UT",94
"XLOC_018925","LINGO1",5,1,0,1,0,0.4362,6.14864204821439e-06,6.14864204821439e-06,FALSE,FALSE,"T_UT","T_UT",95
"XLOC_044835","HLA-L",7,1,0,0,1,0.424166666666667,0.00354012229855197,0.00354012229855197,FALSE,FALSE,"T_UT","T_UT",96
"XLOC_004551","TNFSF4",4,1,1,1,0,0.419966666666667,0.00229056956790722,0.00229056956790722,TRUE,FALSE,"T_UT","T_UT",97
"XLOC_012884","NDUFA4L2",6,1,0,1,0,0.383833333333333,0.0376171046007322,0.0376171046007322,FALSE,FALSE,"T_UT","T_UT",98
"XLOC_044771","ZSCAN9",8,1,1,0,1,0.361166666666667,0.00271792259447101,0.00271792259447101,TRUE,FALSE,"T_UT","T_UT",99
"XLOC_044051","DNAJC18",9,1,0,0,1,0.343833333333333,0.0347083546201711,0.0347083546201711,FALSE,FALSE,"T_UT","T_UT",100
"XLOC_033970","ENSG00000286153",7,1,1,0,1,0.316833333333333,0.0259736211704661,0.0259736211704661,TRUE,FALSE,"T_UT","T_UT",101
"XLOC_033748","ENSG00000273590",3,1,0,0,1,0.307,5.42333456904899e-05,5.42333456904899e-05,FALSE,FALSE,"T_UT","T_UT",102
"XLOC_003446","TTC39A",10,1,1,1,0,0.306466666666667,0.00289076514057722,0.00289076514057722,TRUE,FALSE,"T_UT","T_UT",103
"XLOC_052058","ENSG00000272010",3,1,0,1,0,0.3054,0.021211537538708,0.021211537538708,FALSE,FALSE,"T_UT","T_UT",104
"XLOC_026685","SIGLEC9",3,1,1,0,1,0.305266666666667,0.0141627425392761,0.0141627425392761,TRUE,FALSE,"T_UT","T_UT",105
"XLOC_003639","CRYZ",7,1,1,0,1,0.300133333333333,2.65498176001945e-06,2.65498176001945e-06,TRUE,FALSE,"T_UT","T_UT",106
"XLOC_013120","KITLG",3,1,0,1,0,0.2996,0.000207521903033161,0.000207521903033161,FALSE,FALSE,"T_UT","T_UT",107
"XLOC_017584","SLC27A2",6,1,1,1,0,0.299266666666667,0.0261078429542005,0.0261078429542005,TRUE,FALSE,"T_UT","T_UT",108
"XLOC_001687","TMEM79",5,1,0,0,1,0.293766666666667,0.0241419353695401,0.0241419353695401,FALSE,FALSE,"T_UT","T_UT",109
"XLOC_049699","OR7E7P",3,1,1,0,1,0.292833333333333,0.0120880448709209,0.0120880448709209,TRUE,FALSE,"T_UT","T_UT",110
"XLOC_028608","CAMKMT",7,1,1,0,1,0.290133333333333,0.0183387363415192,0.0183387363415192,TRUE,FALSE,"T_UT","T_UT",111
"XLOC_041015","PLA2G12A",5,1,1,1,0,0.289,0.0236927532316061,0.0236927532316061,TRUE,FALSE,"T_UT","T_UT",112
"XLOC_048950","RADIL",5,1,0,1,0,0.288133333333333,0.000266868640882149,0.000266868640882149,FALSE,FALSE,"T_UT","T_UT",113
"XLOC_051685","HR",7,1,0,1,0,0.280433333333333,0.0211251990509736,0.0211251990509736,FALSE,FALSE,"T_UT","T_UT",114
"XLOC_053001","ENSG00000287838",4,1,1,0,1,0.272133333333333,0.0458723348281728,0.0458723348281728,TRUE,FALSE,"T_UT","T_UT",115
"XLOC_049673","TFPI2",7,1,1,1,0,0.2711,4.43055467765093e-09,4.43055467765093e-09,TRUE,FALSE,"T_UT","T_UT",116
"XLOC_019702","CD2BP2-DT",5,1,0,1,0,0.2649,0.0112500400855658,0.0112500400855658,FALSE,FALSE,"T_UT","T_UT",117
"XLOC_016570","FUT8-AS1",3,1,1,0,1,0.261633333333333,0.00226910557949053,0.00226910557949053,TRUE,FALSE,"T_UT","T_UT",118
"XLOC_004150","H2BC20P",4,1,1,1,0,0.261333333333333,5.55559210699132e-05,5.55559210699132e-05,TRUE,FALSE,"T_UT","T_UT",119
"XLOC_004846","YOD1",2,1,0,1,0,0.248266666666667,0.0278410367414453,0.0278410367414453,FALSE,FALSE,"T_UT","T_UT",120
"XLOC_004026","PDE4DIPP2",6,1,1,1,0,0.244266666666667,0.0118984300594298,0.0118984300594298,TRUE,FALSE,"T_UT","T_UT",121
"XLOC_057326","LINC00278",12,1,0,0,1,0.241566666666667,0.000512640779958261,0.000512640779958261,FALSE,FALSE,"T_UT","T_UT",122
"XLOC_049153","XLOC_049153",3,1,1,0,1,0.2406,0.00450619718426875,0.00450619718426875,TRUE,FALSE,"T_UT","T_UT",123
"XLOC_044515","FARS2",8,1,1,1,0,0.239666666666667,1.26451520714172e-05,1.26451520714172e-05,TRUE,FALSE,"T_UT","T_UT",124
"XLOC_011494","IRAK3",5,1,0,0,1,0.238166666666667,0.000148560581911093,0.000148560581911093,FALSE,FALSE,"T_UT","T_UT",125
"XLOC_039346","CRACD",3,1,0,1,0,0.233766666666667,0.00835674190162495,0.00835674190162495,FALSE,FALSE,"T_UT","T_UT",126
"XLOC_005779","ARID5B",4,1,1,1,0,0.230266666666667,0.046434544233603,0.046434544233603,TRUE,FALSE,"T_UT","T_UT",127
"XLOC_029319","PTPN4",10,1,0,0,1,0.2298,0.0265708684846023,0.0265708684846023,FALSE,FALSE,"T_UT","T_UT",128
"XLOC_001048","PRKACB",6,1,0,0,1,0.2291,0.0461894919003621,0.0461894919003621,FALSE,FALSE,"T_UT","T_UT",129
"XLOC_004866","C1orf74",4,1,0,0,1,0.226533333333333,1.5326954457505e-06,1.5326954457505e-06,FALSE,FALSE,"T_UT","T_UT",130
"XLOC_030215","AGAP1",8,1,0,0,1,0.2259,6.27328011873124e-13,6.27328011873124e-13,FALSE,FALSE,"T_UT","T_UT",131
"XLOC_046784","LINC02542",7,1,0,1,0,0.220266666666667,0.00366862753220843,0.00366862753220843,FALSE,FALSE,"T_UT","T_UT",132
"XLOC_007845","SAA1",4,1,1,0,1,0.219066666666667,0.000456891284412476,0.000456891284412476,TRUE,FALSE,"T_UT","T_UT",133
"XLOC_049509","CALN1",6,1,0,1,0,0.218366666666667,0.0153176829302908,0.0153176829302908,FALSE,FALSE,"T_UT","T_UT",134
"XLOC_020762","GPRC5B",3,1,0,0,1,0.218333333333333,0.00891068705301682,0.00891068705301682,FALSE,FALSE,"T_UT","T_UT",135
"XLOC_023939","SAMD14",9,1,0,0,1,0.217633333333333,0.00310041342177101,0.00310041342177101,FALSE,FALSE,"T_UT","T_UT",136
"XLOC_031415","LIMS2",8,1,0,0,1,0.216233333333333,0.0217259821004758,0.0217259821004758,FALSE,FALSE,"T_UT","T_UT",137
"XLOC_003349","KDM4A-AS1",9,1,0,0,1,0.210333333333333,7.66050553423514e-06,7.66050553423514e-06,FALSE,FALSE,"T_UT","T_UT",138
"XLOC_027060","SMIM24",3,1,0,1,0,0.209133333333333,0.0410770264003308,0.0410770264003308,FALSE,FALSE,"T_UT","T_UT",139
"XLOC_032370","ATRN",3,1,0,0,1,0.207866666666667,0.00126975818903057,0.00126975818903057,FALSE,FALSE,"T_UT","T_UT",140
"XLOC_006407","INPP5A",4,1,0,0,1,0.201966666666667,0.0115057115380404,0.0115057115380404,FALSE,FALSE,"T_UT","T_UT",141
"XLOC_029660","CYBRD1",4,1,0,0,1,0.201866666666667,0.0377126759438956,0.0377126759438956,FALSE,FALSE,"T_UT","T_UT",142
"XLOC_039900","ELMOD2",7,1,1,1,0,0.1997,0.000310912602640802,0.000310912602640802,TRUE,FALSE,"T_UT","T_UT",143
"XLOC_046511","FOXP4-AS1",3,1,0,0,1,0.196333333333333,0.00522884585530762,0.00522884585530762,FALSE,FALSE,"T_UT","T_UT",144
"XLOC_038969","ZBTB49",8,1,0,1,0,0.1946,0.00291604550311364,0.00291604550311364,FALSE,FALSE,"T_UT","T_UT",145
"XLOC_000574","AGO4",4,1,0,0,1,0.191633333333333,0.0392160238918131,0.0392160238918131,FALSE,FALSE,"T_UT","T_UT",146
"XLOC_035475","LRP5L",5,1,0,1,0,0.1916,0.00443193130448852,0.00443193130448852,FALSE,FALSE,"T_UT","T_UT",147
"XLOC_013382","SPRING1",5,1,1,0,1,0.187766666666667,4.1933642327143e-05,4.1933642327143e-05,TRUE,FALSE,"T_UT","T_UT",148
"XLOC_023601","NPEPPSP1",9,1,0,1,0,0.187333333333333,0.00892081118471953,0.00892081118471953,FALSE,FALSE,"T_UT","T_UT",149
"XLOC_011376","DGKA",19,1,1,0,1,0.186933333333333,0.0166488825441557,0.0166488825441557,TRUE,FALSE,"T_UT","T_UT",150
"XLOC_031422","SAP130",8,1,1,1,0,0.186566666666667,0.00842241565329453,0.00842241565329453,TRUE,FALSE,"T_UT","T_UT",151
"XLOC_023867","OSBPL7",11,1,0,0,1,0.185966666666667,0.0368124230335728,0.0368124230335728,FALSE,FALSE,"T_UT","T_UT",152
"XLOC_020221","NPIPB15",3,1,0,0,1,0.1849,0.0334087275164649,0.0334087275164649,FALSE,FALSE,"T_UT","T_UT",153
"XLOC_047710","HERPUD2-AS1",4,1,0,1,0,0.1844,0.0190931340090888,0.0190931340090888,FALSE,FALSE,"T_UT","T_UT",154
"XLOC_001352","PTGFRN",5,1,1,1,0,0.183033333333333,0.032986730597945,0.032986730597945,TRUE,FALSE,"T_UT","T_UT",155
"XLOC_036627","SLC35A5",9,1,1,0,1,0.1824,0.00110881795412981,0.00110881795412981,TRUE,FALSE,"T_UT","T_UT",156
"XLOC_047650","CREB5",8,1,0,1,0,0.181033333333333,4.42653987360935e-05,4.42653987360935e-05,FALSE,FALSE,"T_UT","T_UT",157
"XLOC_032481","RIN2",8,1,0,0,1,0.180766666666667,0.030842577630876,0.030842577630876,FALSE,FALSE,"T_UT","T_UT",158
"XLOC_045851","SYNJ2",4,1,1,1,0,0.180266666666667,8.57394000475914e-05,8.57394000475914e-05,TRUE,FALSE,"T_UT","T_UT",159
"XLOC_015494","SOCS4",5,1,0,1,0,0.1795,0.0309592436720075,0.0309592436720075,FALSE,FALSE,"T_UT","T_UT",160
"XLOC_008309","TTC9C",7,1,1,1,0,0.179033333333333,0.00458382500313504,0.00458382500313504,TRUE,FALSE,"T_UT","T_UT",161
"XLOC_012843","PYM1",6,1,1,0,1,0.1764,0.00210353641205075,0.00210353641205075,TRUE,FALSE,"T_UT","T_UT",162
"XLOC_007464","CHST15",7,1,0,1,0,0.1762,0.000136518894547025,0.000136518894547025,FALSE,FALSE,"T_UT","T_UT",163
"XLOC_043956","MEIKIN",13,1,1,0,1,0.175133333333333,0.0407507766759713,0.0407507766759713,TRUE,FALSE,"T_UT","T_UT",164
"XLOC_055234","JADE3",2,1,0,0,1,0.172933333333333,0.0360750676704684,0.0360750676704684,FALSE,FALSE,"T_UT","T_UT",165
"XLOC_029250","MERTK",11,1,1,1,0,0.172866666666667,1.50409055316631e-05,1.50409055316631e-05,TRUE,FALSE,"T_UT","T_UT",166
"XLOC_016918","MOK",18,1,0,1,0,0.172733333333333,0.00527892483732302,0.00527892483732302,FALSE,FALSE,"T_UT","T_UT",167
"XLOC_049028","MEOX2",2,1,0,0,1,0.1706,0.0179590753998377,0.0179590753998377,FALSE,FALSE,"T_UT","T_UT",168
"XLOC_019395","ALG1",9,2,1,0,2,0.1697,8.29729696397889e-08,8.29729696397889e-08,TRUE,FALSE,"T_UT","T_UT",169
"XLOC_048915","PRKAR1B",4,1,0,1,0,0.168833333333333,0.0299373683787165,0.0299373683787165,FALSE,FALSE,"T_UT","T_UT",170
"XLOC_008203","RTN4RL2",3,1,0,1,0,0.168633333333333,6.13178297262357e-05,6.13178297262357e-05,FALSE,FALSE,"T_UT","T_UT",171
"XLOC_003879","SORT1",6,1,1,0,1,0.165833333333333,0.00384416081787596,0.00384416081787596,TRUE,FALSE,"T_UT","T_UT",172
"XLOC_006121","R3HCC1L",11,1,1,1,0,0.162866666666667,0.00421119824701473,0.00421119824701473,TRUE,FALSE,"T_UT","T_UT",173
"XLOC_005987","CCSER2",6,1,0,0,1,0.1628,0.0205274331693437,0.0205274331693437,FALSE,FALSE,"T_UT","T_UT",174
"XLOC_053892","ZDHHC21",3,1,0,0,1,0.162666666666667,0.0235887425139848,0.0235887425139848,FALSE,FALSE,"T_UT","T_UT",175
"XLOC_000332","CDA",4,1,1,0,1,0.160933333333333,0.038586546179063,0.038586546179063,TRUE,FALSE,"T_UT","T_UT",176
"XLOC_016460","BMP4",8,1,0,0,1,0.1605,0.0181046440268268,0.0181046440268268,FALSE,FALSE,"T_UT","T_UT",177
"XLOC_045620","TMEM200A",3,1,1,1,0,0.158633333333333,0.0107408642814638,0.0107408642814638,TRUE,FALSE,"T_UT","T_UT",178
"XLOC_031305","RGPD6",10,1,0,1,0,0.1586,0.0440074539513721,0.0440074539513721,FALSE,FALSE,"T_UT","T_UT",179
"XLOC_022129","RHOT1",13,1,1,1,0,0.157933333333333,1.79791180750605e-12,1.79791180750605e-12,TRUE,FALSE,"T_UT","T_UT",180
"XLOC_051298","XLOC_051298",4,1,1,0,1,0.1579,0.0315536049655297,0.0315536049655297,TRUE,FALSE,"T_UT","T_UT",181
"XLOC_056436","SLC9A7",6,1,1,1,0,0.156333333333333,0.00142949821495016,0.00142949821495016,TRUE,FALSE,"T_UT","T_UT",182
"XLOC_046117","TPMT",6,1,1,0,1,0.154666666666667,1.37420687784195e-15,1.37420687784195e-15,TRUE,FALSE,"T_UT","T_UT",183
"XLOC_053931","HACD4",5,1,1,1,0,0.154633333333333,0.00101197104141921,0.00101197104141921,TRUE,FALSE,"T_UT","T_UT",184
"XLOC_024293","TIMP2",3,1,0,0,1,0.153533333333333,0.000525056480404501,0.000525056480404501,FALSE,FALSE,"T_UT","T_UT",185
"XLOC_000707","DMAP1",11,1,1,0,1,0.1528,0.0104236252790435,0.0104236252790435,TRUE,FALSE,"T_UT","T_UT",186
"XLOC_039716","GAR1",5,1,0,1,0,0.148,0.00206093944169202,0.00206093944169202,FALSE,FALSE,"T_UT","T_UT",187
"XLOC_034887","CRYBB2P1",9,1,1,0,1,0.147966666666667,0.000123551276024344,0.000123551276024344,TRUE,FALSE,"T_UT","T_UT",188
"XLOC_049092","GSDME",11,1,0,1,0,0.147966666666667,1.14821467496317e-09,1.14821467496317e-09,FALSE,FALSE,"T_UT","T_UT",189
"XLOC_016311","PPP2R3C",16,1,1,0,1,0.147266666666667,0.0400227860655008,0.0400227860655008,TRUE,FALSE,"T_UT","T_UT",190
"XLOC_008654","RAB30-DT",12,1,0,1,0,0.146966666666667,0.013046454172065,0.013046454172065,FALSE,FALSE,"T_UT","T_UT",191
"XLOC_044695","H2BC5",2,1,1,0,1,0.146133333333333,0.0451076835732737,0.0451076835732737,TRUE,FALSE,"T_UT","T_UT",192
"XLOC_033704","ZBTB46",4,1,0,0,1,0.145633333333333,0.0342591804385584,0.0342591804385584,FALSE,FALSE,"T_UT","T_UT",193
"XLOC_053604","ZNF79",4,1,0,1,0,0.145166666666667,0.0192266867431366,0.0192266867431366,FALSE,FALSE,"T_UT","T_UT",194
"XLOC_036184","CCRL2",9,1,0,1,0,0.144533333333333,2.28139712763848e-06,2.28139712763848e-06,FALSE,FALSE,"T_UT","T_UT",195
"XLOC_024291","USP36",11,1,1,0,1,0.143533333333333,2.22555003085575e-05,2.22555003085575e-05,TRUE,FALSE,"T_UT","T_UT",196
"XLOC_004646","NCF2",15,1,1,1,0,0.142266666666667,7.16587752572454e-05,7.16587752572454e-05,TRUE,FALSE,"T_UT","T_UT",197
"XLOC_012782","ENSG00000257337",16,1,0,0,1,0.1396,0.0220145284760521,0.0220145284760521,FALSE,FALSE,"T_UT","T_UT",198
"XLOC_035638","MFNG",7,1,1,0,1,0.1388,0.0198219635429081,0.0198219635429081,TRUE,FALSE,"T_UT","T_UT",199
"XLOC_003547","DOCK7",12,1,1,0,1,0.1382,0.0241763709553195,0.0241763709553195,TRUE,FALSE,"T_UT","T_UT",200
"XLOC_019446","RMI2",3,1,0,1,0,0.136933333333333,0.00126778504493296,0.00126778504493296,FALSE,FALSE,"T_UT","T_UT",201
"XLOC_033051","SIGLEC1",3,1,0,1,0,0.1351,1.45182767284446e-05,1.45182767284446e-05,FALSE,FALSE,"T_UT","T_UT",202
"XLOC_047745","RALA",5,1,1,0,1,0.133133333333333,0.0329041497947991,0.0329041497947991,TRUE,FALSE,"T_UT","T_UT",203
"XLOC_048531","MKLN1",12,2,2,2,0,0.132633333333333,0.00584877600785548,0.00584877600785548,TRUE,FALSE,"T_UT","T_UT",204
"XLOC_044240","EBF1",5,1,0,1,0,0.132133333333333,0.0022391819176482,0.0022391819176482,FALSE,FALSE,"T_UT","T_UT",205
"XLOC_043436","PLK2",5,1,0,0,1,0.130733333333333,0.000108593428644165,0.000108593428644165,FALSE,FALSE,"T_UT","T_UT",206
"XLOC_050989","CPNE3",5,1,0,1,0,0.130666666666667,5.01090094299034e-19,5.01090094299034e-19,FALSE,FALSE,"T_UT","T_UT",207
"XLOC_010662","SENCR",4,1,0,1,0,0.129133333333333,0.04585615115123,0.04585615115123,FALSE,FALSE,"T_UT","T_UT",208
"XLOC_037736","PFKFB4",11,1,0,1,0,0.1286,4.59849992265362e-06,4.59849992265362e-06,FALSE,FALSE,"T_UT","T_UT",209
"XLOC_016586","PIGH",8,1,1,1,0,0.127566666666667,0.00395256000906607,0.00395256000906607,TRUE,FALSE,"T_UT","T_UT",210
"XLOC_056195","ANOS1",5,1,0,0,1,0.1274,0.000635904744520582,0.000635904744520582,FALSE,FALSE,"T_UT","T_UT",211
"XLOC_039155","STIM2",9,1,1,0,1,0.1272,0.0476923208524766,0.0476923208524766,TRUE,FALSE,"T_UT","T_UT",212
"XLOC_054683","STOM",4,1,1,0,1,0.123966666666667,8.19231379536425e-16,8.19231379536425e-16,TRUE,FALSE,"T_UT","T_UT",213
"XLOC_033438","ZHX3",10,1,0,1,0,0.1237,4.16930894494288e-05,4.16930894494288e-05,FALSE,FALSE,"T_UT","T_UT",214
"XLOC_030243","ASB1",9,1,1,0,1,0.1235,0.00495470430030583,0.00495470430030583,TRUE,FALSE,"T_UT","T_UT",215
"XLOC_029252","TMEM87B",5,1,1,1,0,0.123333333333333,0.00354012229855197,0.00354012229855197,TRUE,FALSE,"T_UT","T_UT",216
"XLOC_038788","XLOC_038788",8,1,1,1,0,0.1219,0.0155364932672094,0.0155364932672094,TRUE,FALSE,"T_UT","T_UT",217
"XLOC_005962","TMEM254",9,1,1,0,1,0.121433333333333,6.70985800104248e-07,6.70985800104248e-07,TRUE,FALSE,"T_UT","T_UT",218
"XLOC_031146","MRPS5",11,1,1,1,0,0.121366666666667,0.00843827408187243,0.00843827408187243,TRUE,FALSE,"T_UT","T_UT",219
"XLOC_049811","ATXN7L1",9,1,1,0,1,0.120633333333333,0.00602828071582492,0.00602828071582492,TRUE,FALSE,"T_UT","T_UT",220
"XLOC_012805","SMUG1",16,3,1,0,3,0.120466666666667,1.7279496951697e-12,1.7279496951697e-12,TRUE,FALSE,"T_UT","T_UT",221
"XLOC_035087","APOBEC3A",8,1,0,1,0,0.120433333333333,4.69657541380675e-19,4.69657541380675e-19,FALSE,FALSE,"T_UT","T_UT",222
"XLOC_029729","RBM45",11,1,1,1,0,0.1204,9.92250083141642e-08,9.92250083141642e-08,TRUE,FALSE,"T_UT","T_UT",223
"XLOC_046847","BACH2",8,1,0,1,0,0.119733333333333,0.0315536049655297,0.0315536049655297,FALSE,FALSE,"T_UT","T_UT",224
"XLOC_053633","SPTAN1",15,1,1,0,1,0.1168,0.0029767228266673,0.0029767228266673,TRUE,FALSE,"T_UT","T_UT",225
"XLOC_038994","TBC1D14",5,1,0,1,0,0.116066666666667,0.0226918197045692,0.0226918197045692,FALSE,FALSE,"T_UT","T_UT",226
"XLOC_048934","SNX8",5,1,0,1,0,0.115633333333333,0.0315091484655929,0.0315091484655929,FALSE,FALSE,"T_UT","T_UT",227
"XLOC_017966","RAMAC",2,1,0,1,0,0.113833333333333,0.0143661480588305,0.0143661480588305,FALSE,FALSE,"T_UT","T_UT",228
"XLOC_019116","FAM174B",12,1,0,1,0,0.113333333333333,0.0486765493792115,0.0486765493792115,FALSE,FALSE,"T_UT","T_UT",229
"XLOC_023727","DHX58",12,2,0,0,2,0.1133,0.000361141719832787,0.000361141719832787,FALSE,FALSE,"T_UT","T_UT",230
"XLOC_050944","ZBTB10",9,1,1,1,0,0.113233333333333,0.0103806003112376,0.0103806003112376,TRUE,FALSE,"T_UT","T_UT",231
"XLOC_048143","GNAI1",11,1,0,1,0,0.111633333333333,0.00334583542344979,0.00334583542344979,FALSE,FALSE,"T_UT","T_UT",232
"XLOC_006710","ARHGAP12",11,1,0,1,0,0.110966666666667,0.00339850334308655,0.00339850334308655,FALSE,FALSE,"T_UT","T_UT",233
"XLOC_007698","TRIM22",11,3,2,3,0,0.108366666666667,9.6671648766859e-05,9.6671648766859e-05,TRUE,FALSE,"T_UT","T_UT",234
"XLOC_021939","SPECC1",11,1,0,1,0,0.107333333333333,0.0010670690369897,0.0010670690369897,FALSE,FALSE,"T_UT","T_UT",235
"XLOC_019624","LCMT1",10,1,1,1,0,0.106366666666667,0.0182960269500713,0.0182960269500713,TRUE,FALSE,"T_UT","T_UT",236
"XLOC_033100","TMX4",5,1,1,1,0,0.105866666666667,0.00168860608028203,0.00168860608028203,TRUE,FALSE,"T_UT","T_UT",237
"XLOC_016653","ZFYVE1",7,1,0,1,0,0.105833333333333,2.59408465201258e-07,2.59408465201258e-07,FALSE,FALSE,"T_UT","T_UT",238
"XLOC_031341","RPL23AP7",12,1,1,0,1,0.105733333333333,0.0460936709963483,0.0460936709963483,TRUE,FALSE,"T_UT","T_UT",239
"XLOC_005288","WDR37",7,1,1,1,0,0.105133333333333,0.000276896081710409,0.000276896081710409,TRUE,FALSE,"T_UT","T_UT",240
"XLOC_019100","HDDC3",8,1,0,0,1,0.104766666666667,0.00146290970979791,0.00146290970979791,FALSE,FALSE,"T_UT","T_UT",241
"XLOC_056546","FAM156A",11,1,0,1,0,0.104533333333333,2.39605411770111e-06,2.39605411770111e-06,FALSE,FALSE,"T_UT","T_UT",242
"XLOC_026744","ZNF845",3,1,0,1,0,0.1037,0.0320296128345626,0.0320296128345626,FALSE,FALSE,"T_UT","T_UT",243
"XLOC_023267","PEMT",6,1,0,0,1,0.102833333333333,0.0147820178329314,0.0147820178329314,FALSE,FALSE,"T_UT","T_UT",244
"XLOC_020738","NPIPA9",13,2,2,0,2,0.102633333333333,0.000213749462899874,0.000213749462899874,TRUE,FALSE,"T_UT","T_UT",245
"XLOC_048013","TPST1",7,1,1,1,0,0.101166666666667,0.0329961123902529,0.0329961123902529,TRUE,FALSE,"T_UT","T_UT",246
"XLOC_007034","AP3M1",9,1,1,0,1,0.100233333333333,0.00257077578607953,0.00257077578607953,TRUE,FALSE,"T_UT","T_UT",247
"XLOC_009388","RNF141",5,1,0,0,1,0.100166666666667,0.0211251990509736,0.0211251990509736,FALSE,FALSE,"T_UT","T_UT",248
